code,country,indicator,year,value
AUS,Australia,tfr,1960,3.453
AUS,Australia,tfr,1961,3.54
AUS,Australia,tfr,1962,3.442
AUS,Australia,tfr,1963,3.332
AUS,Australia,tfr,1964,3.146
AUS,Australia,tfr,1965,2.977
AUS,Australia,tfr,1966,2.881
AUS,Australia,tfr,1967,2.848
AUS,Australia,tfr,1968,2.888
AUS,Australia,tfr,1969,2.886
AUS,Australia,tfr,1970,2.859
AUS,Australia,tfr,1971,2.961
AUS,Australia,tfr,1972,2.744
AUS,Australia,tfr,1973,2.491
AUS,Australia,tfr,1974,2.397
AUS,Australia,tfr,1975,2.148
AUS,Australia,tfr,1976,2.06
AUS,Australia,tfr,1977,2.007
AUS,Australia,tfr,1978,1.949
AUS,Australia,tfr,1979,1.907
AUS,Australia,tfr,1980,1.891
AUS,Australia,tfr,1981,1.935
AUS,Australia,tfr,1982,1.929
AUS,Australia,tfr,1983,1.924
AUS,Australia,tfr,1984,1.84
AUS,Australia,tfr,1985,1.923
AUS,Australia,tfr,1986,1.868
AUS,Australia,tfr,1987,1.845
AUS,Australia,tfr,1988,1.831
AUS,Australia,tfr,1989,1.838
AUS,Australia,tfr,1990,1.902
AUS,Australia,tfr,1991,1.849
AUS,Australia,tfr,1992,1.888
AUS,Australia,tfr,1993,1.859
AUS,Australia,tfr,1994,1.842
AUS,Australia,tfr,1995,1.822
AUS,Australia,tfr,1996,1.796
AUS,Australia,tfr,1997,1.778
AUS,Australia,tfr,1998,1.762
AUS,Australia,tfr,1999,1.755
AUS,Australia,tfr,2000,1.756
AUS,Australia,tfr,2001,1.739
AUS,Australia,tfr,2002,1.756
AUS,Australia,tfr,2003,1.748
AUS,Australia,tfr,2004,1.768
AUS,Australia,tfr,2005,1.807
AUS,Australia,tfr,2006,1.908
AUS,Australia,tfr,2007,1.959
AUS,Australia,tfr,2008,1.984
AUS,Australia,tfr,2009,1.971
AUS,Australia,tfr,2010,1.928
AUS,Australia,tfr,2011,1.926
AUS,Australia,tfr,2012,1.92
AUS,Australia,tfr,2013,1.855
AUS,Australia,tfr,2014,1.826
AUS,Australia,tfr,2015,1.814
AUS,Australia,tfr,2016,1.752
AUS,Australia,tfr,2017,1.741
AUS,Australia,tfr,2018,1.74
AUS,Australia,tfr,2019,1.657
AUS,Australia,tfr,2020,1.581
AUS,Australia,tfr,2021,1.7
AUS,Australia,tfr,2022,1.63
AUS,Australia,tfr,2023,1.499
AUS,Australia,tfr,2024,1.481
AUS,Australia,lfp_ratio,1990,69.0722057891401
AUS,Australia,lfp_ratio,1991,69.5825421870403
AUS,Australia,lfp_ratio,1992,70.0084824494082
AUS,Australia,lfp_ratio,1993,70.25090578481
AUS,Australia,lfp_ratio,1994,71.4169491525424
AUS,Australia,lfp_ratio,1995,72.5896974696726
AUS,Australia,lfp_ratio,1996,73.0717570922708
AUS,Australia,lfp_ratio,1997,73.3711629178916
AUS,Australia,lfp_ratio,1998,73.7652244359921
AUS,Australia,lfp_ratio,1999,74.233171216978
AUS,Australia,lfp_ratio,2000,75.6230615861763
AUS,Australia,lfp_ratio,2001,76.6083333333333
AUS,Australia,lfp_ratio,2002,76.9642534377042
AUS,Australia,lfp_ratio,2003,78.1627640869638
AUS,Australia,lfp_ratio,2004,77.8716334138475
AUS,Australia,lfp_ratio,2005,79.0182281566846
AUS,Australia,lfp_ratio,2006,79.6101202820407
AUS,Australia,lfp_ratio,2007,80.064729376119
AUS,Australia,lfp_ratio,2008,80.6093535075653
AUS,Australia,lfp_ratio,2009,81.2392046318175
AUS,Australia,lfp_ratio,2010,80.9972115623533
AUS,Australia,lfp_ratio,2011,81.5608824424945
AUS,Australia,lfp_ratio,2012,81.9252781529807
AUS,Australia,lfp_ratio,2013,82.1857816457024
AUS,Australia,lfp_ratio,2014,82.6374616402489
AUS,Australia,lfp_ratio,2015,83.1052602000674
AUS,Australia,lfp_ratio,2016,83.9924750346545
AUS,Australia,lfp_ratio,2017,84.5827859473662
AUS,Australia,lfp_ratio,2018,85.2187113460025
AUS,Australia,lfp_ratio,2019,85.5878723284905
AUS,Australia,lfp_ratio,2020,85.8129512828562
AUS,Australia,lfp_ratio,2021,86.7314280880342
AUS,Australia,lfp_ratio,2022,87.5759867776004
AUS,Australia,lfp_ratio,2023,87.3820030162543
AUS,Australia,lfp_ratio,2024,88.3372345525818
AUS,Australia,lfp_ratio,2025,88.4388484119686
AUS,Australia,tertiary_gpi,2015,1.30043005943298
AUS,Australia,tertiary_gpi,2016,1.2977499961853
AUS,Australia,tertiary_gpi,2017,1.29990994930267
AUS,Australia,tertiary_gpi,2018,1.27081000804901
AUS,Australia,tertiary_gpi,2019,1.27968001365662
AUS,Australia,tertiary_gpi,2020,1.29891002178192
AUS,Australia,tertiary_gpi,2021,1.32912003993988
AUS,Australia,tertiary_gpi,2022,1.3323700428009
AUS,Australia,tertiary_gpi,2023,1.31589996814728
AUS,Australia,tertiary_gpi,2024,1.31058001518249
AUS,Australia,gdp_pc,1990,36267.7410592234
AUS,Australia,gdp_pc,1991,35670.6678637309
AUS,Australia,gdp_pc,1992,35426.2848289008
AUS,Australia,gdp_pc,1993,36533.1468283451
AUS,Australia,gdp_pc,1994,37622.6524772939
AUS,Australia,gdp_pc,1995,38653.3366778657
AUS,Australia,gdp_pc,1996,39663.1617728168
AUS,Australia,gdp_pc,1997,40773.5660516518
AUS,Australia,gdp_pc,1998,42257.1718122395
AUS,Australia,gdp_pc,1999,43899.073794405
AUS,Australia,gdp_pc,2000,45099.0752097084
AUS,Australia,gdp_pc,2001,45428.2000837579
AUS,Australia,gdp_pc,2002,46688.3947760633
AUS,Australia,gdp_pc,2003,47581.2285345879
AUS,Australia,gdp_pc,2004,49061.2761503925
AUS,Australia,gdp_pc,2005,49997.0664953941
AUS,Australia,gdp_pc,2006,50693.7248649798
AUS,Australia,gdp_pc,2007,51663.2403953881
AUS,Australia,gdp_pc,2008,52473.3819160773
AUS,Australia,gdp_pc,2009,52407.9115378584
AUS,Australia,gdp_pc,2010,52739.2681556133
AUS,Australia,gdp_pc,2011,53257.0473237603
AUS,Australia,gdp_pc,2012,54403.8836902433
AUS,Australia,gdp_pc,2013,54895.0052588984
AUS,Australia,gdp_pc,2014,55489.068844146
AUS,Australia,gdp_pc,2015,55879.9958817103
AUS,Australia,gdp_pc,2016,56529.951824687
AUS,Australia,gdp_pc,2017,56881.8569859104
AUS,Australia,gdp_pc,2018,57647.8455068105
AUS,Australia,gdp_pc,2019,58048.6188420831
AUS,Australia,gdp_pc,2020,57260.4650530108
AUS,Australia,gdp_pc,2021,58327.4146842325
AUS,Australia,gdp_pc,2022,60029.1329190733
AUS,Australia,gdp_pc,2023,60684.9596204883
AUS,Australia,gdp_pc,2024,60309.5831772339
AUS,Australia,gdp_pc,2025,60194.0633547961
AUT,Austria,tfr,1960,2.69
AUT,Austria,tfr,1961,2.78
AUT,Austria,tfr,1962,2.8
AUT,Austria,tfr,1963,2.82
AUT,Austria,tfr,1964,2.79
AUT,Austria,tfr,1965,2.7
AUT,Austria,tfr,1966,2.66
AUT,Austria,tfr,1967,2.62
AUT,Austria,tfr,1968,2.58
AUT,Austria,tfr,1969,2.49
AUT,Austria,tfr,1970,2.29
AUT,Austria,tfr,1971,2.2
AUT,Austria,tfr,1972,2.08
AUT,Austria,tfr,1973,1.94
AUT,Austria,tfr,1974,1.91
AUT,Austria,tfr,1975,1.83
AUT,Austria,tfr,1976,1.69
AUT,Austria,tfr,1977,1.63
AUT,Austria,tfr,1978,1.6
AUT,Austria,tfr,1979,1.6
AUT,Austria,tfr,1980,1.65
AUT,Austria,tfr,1981,1.67
AUT,Austria,tfr,1982,1.66
AUT,Austria,tfr,1983,1.56
AUT,Austria,tfr,1984,1.52
AUT,Austria,tfr,1985,1.47
AUT,Austria,tfr,1986,1.45
AUT,Austria,tfr,1987,1.43
AUT,Austria,tfr,1988,1.45
AUT,Austria,tfr,1989,1.45
AUT,Austria,tfr,1990,1.46
AUT,Austria,tfr,1991,1.51
AUT,Austria,tfr,1992,1.51
AUT,Austria,tfr,1993,1.5
AUT,Austria,tfr,1994,1.47
AUT,Austria,tfr,1995,1.42
AUT,Austria,tfr,1996,1.45
AUT,Austria,tfr,1997,1.39
AUT,Austria,tfr,1998,1.37
AUT,Austria,tfr,1999,1.34
AUT,Austria,tfr,2000,1.36
AUT,Austria,tfr,2001,1.33
AUT,Austria,tfr,2002,1.39
AUT,Austria,tfr,2003,1.38
AUT,Austria,tfr,2004,1.42
AUT,Austria,tfr,2005,1.41
AUT,Austria,tfr,2006,1.41
AUT,Austria,tfr,2007,1.38
AUT,Austria,tfr,2008,1.42
AUT,Austria,tfr,2009,1.39
AUT,Austria,tfr,2010,1.44
AUT,Austria,tfr,2011,1.43
AUT,Austria,tfr,2012,1.44
AUT,Austria,tfr,2013,1.44
AUT,Austria,tfr,2014,1.46
AUT,Austria,tfr,2015,1.49
AUT,Austria,tfr,2016,1.53
AUT,Austria,tfr,2017,1.52
AUT,Austria,tfr,2018,1.47
AUT,Austria,tfr,2019,1.46
AUT,Austria,tfr,2020,1.44
AUT,Austria,tfr,2021,1.48
AUT,Austria,tfr,2022,1.41
AUT,Austria,tfr,2023,1.32
AUT,Austria,tfr,2024,1.31
AUT,Austria,lfp_ratio,1990,61.7810654280635
AUT,Austria,lfp_ratio,1991,62.387615957462
AUT,Austria,lfp_ratio,1992,64.2264484489051
AUT,Austria,lfp_ratio,1993,65.2454189417112
AUT,Austria,lfp_ratio,1994,68.3729589154007
AUT,Austria,lfp_ratio,1995,69.5080189486901
AUT,Austria,lfp_ratio,1996,69.4169590979693
AUT,Austria,lfp_ratio,1997,70.0374477473293
AUT,Austria,lfp_ratio,1998,70.8316406476699
AUT,Austria,lfp_ratio,1999,70.9396264659042
AUT,Austria,lfp_ratio,2000,71.2637826200797
AUT,Austria,lfp_ratio,2001,72.1365931437683
AUT,Austria,lfp_ratio,2002,73.721597176263
AUT,Austria,lfp_ratio,2003,73.9401789919925
AUT,Austria,lfp_ratio,2004,76.0232053092776
AUT,Austria,lfp_ratio,2005,77.2687224669604
AUT,Austria,lfp_ratio,2006,77.9471590823163
AUT,Austria,lfp_ratio,2007,78.1776119402985
AUT,Austria,lfp_ratio,2008,78.9723674383869
AUT,Austria,lfp_ratio,2009,80.1818127358773
AUT,Austria,lfp_ratio,2010,80.605805637358
AUT,Austria,lfp_ratio,2011,81.3604826546003
AUT,Austria,lfp_ratio,2012,82.0402320500264
AUT,Austria,lfp_ratio,2013,82.41097788757
AUT,Austria,lfp_ratio,2014,83.0736791007418
AUT,Austria,lfp_ratio,2015,83.1619342312826
AUT,Austria,lfp_ratio,2016,83.4599957779185
AUT,Austria,lfp_ratio,2017,83.556246603466
AUT,Austria,lfp_ratio,2018,83.1198824270418
AUT,Austria,lfp_ratio,2019,83.4245010819909
AUT,Austria,lfp_ratio,2020,83.9908745247148
AUT,Austria,lfp_ratio,2021,83.655764464059
AUT,Austria,lfp_ratio,2022,83.9623068224651
AUT,Austria,lfp_ratio,2023,84.3973990624527
AUT,Austria,lfp_ratio,2024,84.1529722669421
AUT,Austria,lfp_ratio,2025,84.1649087407136
AUT,Austria,tertiary_gpi,2013,1.16927003860474
AUT,Austria,tertiary_gpi,2014,1.16376996040344
AUT,Austria,tertiary_gpi,2015,1.16585004329681
AUT,Austria,tertiary_gpi,2016,1.17218995094299
AUT,Austria,tertiary_gpi,2017,1.17297005653381
AUT,Austria,tertiary_gpi,2018,1.17596995830536
AUT,Austria,tertiary_gpi,2019,1.18473994731903
AUT,Austria,tertiary_gpi,2020,1.19034004211426
AUT,Austria,tertiary_gpi,2021,1.20816004276276
AUT,Austria,tertiary_gpi,2022,1.22107994556427
AUT,Austria,tertiary_gpi,2023,1.22890996932983
AUT,Austria,tertiary_gpi,2024,1.23399996757507
AUT,Austria,gdp_pc,1990,43258.1144095785
AUT,Austria,gdp_pc,1991,44302.3593080223
AUT,Austria,gdp_pc,1992,44734.7911157679
AUT,Austria,gdp_pc,1993,44601.1442274518
AUT,Austria,gdp_pc,1994,45497.074754296
AUT,Austria,gdp_pc,1995,46639.4667421613
AUT,Austria,gdp_pc,1996,47608.5642962955
AUT,Austria,gdp_pc,1997,48575.090714407
AUT,Austria,gdp_pc,1998,50216.6282284105
AUT,Austria,gdp_pc,1999,52004.459782806
AUT,Austria,gdp_pc,2000,53534.2669894259
AUT,Austria,gdp_pc,2001,54032.075746659
AUT,Austria,gdp_pc,2002,54565.0004227482
AUT,Austria,gdp_pc,2003,54919.7101911513
AUT,Austria,gdp_pc,2004,55980.1531665622
AUT,Austria,gdp_pc,2005,56890.1996184204
AUT,Austria,gdp_pc,2006,58460.1550504163
AUT,Austria,gdp_pc,2007,60470.825141587
AUT,Austria,gdp_pc,2008,61157.9014974191
AUT,Austria,gdp_pc,2009,58810.3596828696
AUT,Austria,gdp_pc,2010,59730.4673903053
AUT,Austria,gdp_pc,2011,61272.1724662899
AUT,Austria,gdp_pc,2012,61376.6345930428
AUT,Austria,gdp_pc,2013,60862.9693673785
AUT,Austria,gdp_pc,2014,60845.5743980711
AUT,Austria,gdp_pc,2015,60951.6037273662
AUT,Austria,gdp_pc,2016,61572.6257402404
AUT,Austria,gdp_pc,2017,62535.8105711345
AUT,Austria,gdp_pc,2018,63777.9362157476
AUT,Austria,gdp_pc,2019,64609.2836396895
AUT,Austria,gdp_pc,2020,60276.3307697326
AUT,Austria,gdp_pc,2021,62968.8538770186
AUT,Austria,gdp_pc,2022,65694.4591501468
AUT,Austria,gdp_pc,2023,64536.2076307547
AUT,Austria,gdp_pc,2024,63787.9891749462
AUT,Austria,gdp_pc,2025,63970.4008534859
BEL,Belgium,tfr,1960,2.54
BEL,Belgium,tfr,1961,2.63
BEL,Belgium,tfr,1962,2.59
BEL,Belgium,tfr,1963,2.68
BEL,Belgium,tfr,1964,2.71
BEL,Belgium,tfr,1965,2.61
BEL,Belgium,tfr,1966,2.52
BEL,Belgium,tfr,1967,2.41
BEL,Belgium,tfr,1968,2.31
BEL,Belgium,tfr,1969,2.27
BEL,Belgium,tfr,1970,2.25
BEL,Belgium,tfr,1971,2.21
BEL,Belgium,tfr,1972,2.09
BEL,Belgium,tfr,1973,1.95
BEL,Belgium,tfr,1974,1.83
BEL,Belgium,tfr,1975,1.74
BEL,Belgium,tfr,1976,1.73
BEL,Belgium,tfr,1977,1.71
BEL,Belgium,tfr,1978,1.69
BEL,Belgium,tfr,1979,1.69
BEL,Belgium,tfr,1980,1.68
BEL,Belgium,tfr,1981,1.66
BEL,Belgium,tfr,1982,1.61
BEL,Belgium,tfr,1983,1.57
BEL,Belgium,tfr,1984,1.54
BEL,Belgium,tfr,1985,1.51
BEL,Belgium,tfr,1986,1.54
BEL,Belgium,tfr,1987,1.54
BEL,Belgium,tfr,1988,1.57
BEL,Belgium,tfr,1989,1.58
BEL,Belgium,tfr,1990,1.62
BEL,Belgium,tfr,1991,1.66
BEL,Belgium,tfr,1992,1.65
BEL,Belgium,tfr,1993,1.61
BEL,Belgium,tfr,1994,1.56
BEL,Belgium,tfr,1995,1.56
BEL,Belgium,tfr,1996,1.59
BEL,Belgium,tfr,1997,1.6
BEL,Belgium,tfr,1998,1.6
BEL,Belgium,tfr,1999,1.62
BEL,Belgium,tfr,2000,1.67
BEL,Belgium,tfr,2001,1.67
BEL,Belgium,tfr,2002,1.65
BEL,Belgium,tfr,2003,1.67
BEL,Belgium,tfr,2004,1.72
BEL,Belgium,tfr,2005,1.76
BEL,Belgium,tfr,2006,1.8
BEL,Belgium,tfr,2007,1.82
BEL,Belgium,tfr,2008,1.85
BEL,Belgium,tfr,2009,1.84
BEL,Belgium,tfr,2010,1.86
BEL,Belgium,tfr,2011,1.81
BEL,Belgium,tfr,2012,1.8
BEL,Belgium,tfr,2013,1.76
BEL,Belgium,tfr,2014,1.74
BEL,Belgium,tfr,2015,1.7
BEL,Belgium,tfr,2016,1.68
BEL,Belgium,tfr,2017,1.65
BEL,Belgium,tfr,2018,1.62
BEL,Belgium,tfr,2019,1.6
BEL,Belgium,tfr,2020,1.55
BEL,Belgium,tfr,2021,1.6
BEL,Belgium,tfr,2022,1.53
BEL,Belgium,tfr,2023,1.47
BEL,Belgium,tfr,2024,1.44
BEL,Belgium,lfp_ratio,1990,59.9030641583833
BEL,Belgium,lfp_ratio,1991,61.9115269681086
BEL,Belgium,lfp_ratio,1992,63.5289296836584
BEL,Belgium,lfp_ratio,1993,65.2657867751646
BEL,Belgium,lfp_ratio,1994,65.5426420036012
BEL,Belgium,lfp_ratio,1995,66.1387434554974
BEL,Belgium,lfp_ratio,1996,66.5102081008337
BEL,Belgium,lfp_ratio,1997,67.5654281897788
BEL,Belgium,lfp_ratio,1998,68.5953961491463
BEL,Belgium,lfp_ratio,1999,70.5373636972976
BEL,Belgium,lfp_ratio,2000,70.9930497908427
BEL,Belgium,lfp_ratio,2001,69.2055447905798
BEL,Belgium,lfp_ratio,2002,70.5552327994024
BEL,Belgium,lfp_ratio,2003,71.2806276804415
BEL,Belgium,lfp_ratio,2004,73.4018871685826
BEL,Belgium,lfp_ratio,2005,74.4354654762293
BEL,Belgium,lfp_ratio,2006,75.2941563136791
BEL,Belgium,lfp_ratio,2007,76.1872056514914
BEL,Belgium,lfp_ratio,2008,77.1030494216614
BEL,Belgium,lfp_ratio,2009,77.7489077187872
BEL,Belgium,lfp_ratio,2010,78.4479219691621
BEL,Belgium,lfp_ratio,2011,78.741223671013
BEL,Belgium,lfp_ratio,2012,78.8202453782636
BEL,Belgium,lfp_ratio,2013,80.0294644501364
BEL,Belgium,lfp_ratio,2014,81.1469328567093
BEL,Belgium,lfp_ratio,2015,81.4957424432609
BEL,Belgium,lfp_ratio,2016,81.3496452331932
BEL,Belgium,lfp_ratio,2017,81.3808312128923
BEL,Belgium,lfp_ratio,2018,82.9503512322895
BEL,Belgium,lfp_ratio,2019,83.3452162694371
BEL,Belgium,lfp_ratio,2020,83.4545329811683
BEL,Belgium,lfp_ratio,2021,83.7722721873409
BEL,Belgium,lfp_ratio,2022,84.3332265731672
BEL,Belgium,lfp_ratio,2023,84.2075025346401
BEL,Belgium,lfp_ratio,2024,84.269283955614
BEL,Belgium,lfp_ratio,2025,84.4430119930111
BEL,Belgium,tertiary_gpi,2001,1.13141000270844
BEL,Belgium,tertiary_gpi,2002,1.14286994934082
BEL,Belgium,tertiary_gpi,2003,1.14858996868134
BEL,Belgium,tertiary_gpi,2004,1.16425001621246
BEL,Belgium,tertiary_gpi,2005,1.18326997756958
BEL,Belgium,tertiary_gpi,2006,1.19087994098663
BEL,Belgium,tertiary_gpi,2007,1.19723999500275
BEL,Belgium,tertiary_gpi,2008,1.20142996311188
BEL,Belgium,tertiary_gpi,2009,1.19456005096436
BEL,Belgium,tertiary_gpi,2010,1.20782995223999
BEL,Belgium,tertiary_gpi,2011,1.21293997764587
BEL,Belgium,tertiary_gpi,2012,1.22122001647949
BEL,Belgium,tertiary_gpi,2013,1.23296999931335
BEL,Belgium,tertiary_gpi,2014,1.23636996746063
BEL,Belgium,tertiary_gpi,2015,1.23844003677368
BEL,Belgium,tertiary_gpi,2016,1.24030005931854
BEL,Belgium,tertiary_gpi,2017,1.240110039711
BEL,Belgium,tertiary_gpi,2018,1.2364000082016
BEL,Belgium,tertiary_gpi,2019,1.25319004058838
BEL,Belgium,tertiary_gpi,2020,1.25312995910645
BEL,Belgium,tertiary_gpi,2021,1.26310002803802
BEL,Belgium,tertiary_gpi,2022,1.26654005050659
BEL,Belgium,tertiary_gpi,2023,1.27315998077393
BEL,Belgium,gdp_pc,1990,41640.0583572134
BEL,Belgium,gdp_pc,1991,42246.0760496851
BEL,Belgium,gdp_pc,1992,42719.0486134247
BEL,Belgium,gdp_pc,1993,42143.1960612051
BEL,Belgium,gdp_pc,1994,43369.275944431
BEL,Belgium,gdp_pc,1995,44310.6278688276
BEL,Belgium,gdp_pc,1996,44808.5243580352
BEL,Belgium,gdp_pc,1997,46396.0021283995
BEL,Belgium,gdp_pc,1998,47205.3098527355
BEL,Belgium,gdp_pc,1999,48765.7668571998
BEL,Belgium,gdp_pc,2000,50455.7338920674
BEL,Belgium,gdp_pc,2001,50835.3969916063
BEL,Belgium,gdp_pc,2002,51471.8532550934
BEL,Belgium,gdp_pc,2003,51788.8439641975
BEL,Belgium,gdp_pc,2004,53406.6918625203
BEL,Belgium,gdp_pc,2005,54346.8934219288
BEL,Belgium,gdp_pc,2006,55367.6227467909
BEL,Belgium,gdp_pc,2007,56983.4612170064
BEL,Belgium,gdp_pc,2008,56787.7366257416
BEL,Belgium,gdp_pc,2009,55258.7071019668
BEL,Belgium,gdp_pc,2010,56240.2030936241
BEL,Belgium,gdp_pc,2011,56585.302500068
BEL,Belgium,gdp_pc,2012,56356.8251292137
BEL,Belgium,gdp_pc,2013,56263.175267967
BEL,Belgium,gdp_pc,2014,57002.9092185206
BEL,Belgium,gdp_pc,2015,57509.0245728704
BEL,Belgium,gdp_pc,2016,57901.497690315
BEL,Belgium,gdp_pc,2017,58529.3302957537
BEL,Belgium,gdp_pc,2018,59357.6896884396
BEL,Belgium,gdp_pc,2019,60479.9769955469
BEL,Belgium,gdp_pc,2020,57333.5424137924
BEL,Belgium,gdp_pc,2021,60669.2137746534
BEL,Belgium,gdp_pc,2022,62602.9270469765
BEL,Belgium,gdp_pc,2023,63042.0099876309
BEL,Belgium,gdp_pc,2024,63311.2766917178
BEL,Belgium,gdp_pc,2025,63488.4217622523
CAN,Canada,tfr,1960,3.811
CAN,Canada,tfr,1961,3.753
CAN,Canada,tfr,1962,3.681
CAN,Canada,tfr,1963,3.607
CAN,Canada,tfr,1964,3.456
CAN,Canada,tfr,1965,3.115
CAN,Canada,tfr,1966,2.749
CAN,Canada,tfr,1967,2.528
CAN,Canada,tfr,1968,2.386
CAN,Canada,tfr,1969,2.334
CAN,Canada,tfr,1970,2.258
CAN,Canada,tfr,1971,2.141
CAN,Canada,tfr,1972,1.98
CAN,Canada,tfr,1973,1.89
CAN,Canada,tfr,1974,1.837
CAN,Canada,tfr,1975,1.824
CAN,Canada,tfr,1976,1.796
CAN,Canada,tfr,1977,1.782
CAN,Canada,tfr,1978,1.768
CAN,Canada,tfr,1979,1.754
CAN,Canada,tfr,1980,1.74
CAN,Canada,tfr,1981,1.7
CAN,Canada,tfr,1982,1.69
CAN,Canada,tfr,1983,1.68
CAN,Canada,tfr,1984,1.65
CAN,Canada,tfr,1985,1.67
CAN,Canada,tfr,1986,1.675
CAN,Canada,tfr,1987,1.68
CAN,Canada,tfr,1988,1.68
CAN,Canada,tfr,1989,1.77
CAN,Canada,tfr,1990,1.83
CAN,Canada,tfr,1991,1.72
CAN,Canada,tfr,1992,1.71
CAN,Canada,tfr,1993,1.69
CAN,Canada,tfr,1994,1.69
CAN,Canada,tfr,1995,1.67
CAN,Canada,tfr,1996,1.63
CAN,Canada,tfr,1997,1.57
CAN,Canada,tfr,1998,1.56
CAN,Canada,tfr,1999,1.55
CAN,Canada,tfr,2000,1.51
CAN,Canada,tfr,2001,1.54
CAN,Canada,tfr,2002,1.52
CAN,Canada,tfr,2003,1.55
CAN,Canada,tfr,2004,1.56
CAN,Canada,tfr,2005,1.58
CAN,Canada,tfr,2006,1.63
CAN,Canada,tfr,2007,1.67
CAN,Canada,tfr,2008,1.7
CAN,Canada,tfr,2009,1.69
CAN,Canada,tfr,2010,1.65
CAN,Canada,tfr,2011,1.63
CAN,Canada,tfr,2012,1.63
CAN,Canada,tfr,2013,1.61
CAN,Canada,tfr,2014,1.61
CAN,Canada,tfr,2015,1.6
CAN,Canada,tfr,2016,1.59
CAN,Canada,tfr,2017,1.55
CAN,Canada,tfr,2018,1.51
CAN,Canada,tfr,2019,1.47
CAN,Canada,tfr,2020,1.41
CAN,Canada,tfr,2021,1.44
CAN,Canada,tfr,2022,1.34
CAN,Canada,tfr,2023,1.27
CAN,Canada,tfr,2024,1.25
CAN,Canada,lfp_ratio,1990,76.2062746027358
CAN,Canada,lfp_ratio,1991,77.1723318786617
CAN,Canada,lfp_ratio,1992,77.6125478277387
CAN,Canada,lfp_ratio,1993,77.9130791307913
CAN,Canada,lfp_ratio,1994,77.9286996806426
CAN,Canada,lfp_ratio,1995,78.5671806928981
CAN,Canada,lfp_ratio,1996,78.8691303139761
CAN,Canada,lfp_ratio,1997,79.237688079507
CAN,Canada,lfp_ratio,1998,80.1707001765385
CAN,Canada,lfp_ratio,1999,80.6018723687126
CAN,Canada,lfp_ratio,2000,81.306300063749
CAN,Canada,lfp_ratio,2001,81.8286507110649
CAN,Canada,lfp_ratio,2002,82.603083936344
CAN,Canada,lfp_ratio,2003,83.5128530668523
CAN,Canada,lfp_ratio,2004,83.9432453160951
CAN,Canada,lfp_ratio,2005,83.9416460225709
CAN,Canada,lfp_ratio,2006,84.4260713793579
CAN,Canada,lfp_ratio,2007,85.0508082504888
CAN,Canada,lfp_ratio,2008,85.0111242343505
CAN,Canada,lfp_ratio,2009,85.7390244240333
CAN,Canada,lfp_ratio,2010,86.2185740565249
CAN,Canada,lfp_ratio,2011,85.9675057527369
CAN,Canada,lfp_ratio,2012,86.2946291274079
CAN,Canada,lfp_ratio,2013,86.5709684195785
CAN,Canada,lfp_ratio,2014,86.2307508065993
CAN,Canada,lfp_ratio,2015,85.9420371571143
CAN,Canada,lfp_ratio,2016,86.321356662791
CAN,Canada,lfp_ratio,2017,86.458937950366
CAN,Canada,lfp_ratio,2018,86.7878598069641
CAN,Canada,lfp_ratio,2019,86.913275441285
CAN,Canada,lfp_ratio,2020,86.147663470048
CAN,Canada,lfp_ratio,2021,86.7898601548745
CAN,Canada,lfp_ratio,2022,87.7809251297684
CAN,Canada,lfp_ratio,2023,87.7189961689122
CAN,Canada,lfp_ratio,2024,87.3440414058321
CAN,Canada,lfp_ratio,2025,87.3319117455068
CAN,Canada,tertiary_gpi,2000,1.2537100315094
CAN,Canada,tertiary_gpi,2002,1.26488995552063
CAN,Canada,tertiary_gpi,2007,1.27389001846313
CAN,Canada,tertiary_gpi,2008,1.27309000492096
CAN,Canada,tertiary_gpi,2009,1.27377998828888
CAN,Canada,tertiary_gpi,2010,1.26012003421783
CAN,Canada,tertiary_gpi,2011,1.2537100315094
CAN,Canada,tertiary_gpi,2012,1.2532399892807
CAN,Canada,tertiary_gpi,2013,1.26136994361877
CAN,Canada,tertiary_gpi,2014,1.26943004131317
CAN,Canada,tertiary_gpi,2015,1.27597999572754
CAN,Canada,tertiary_gpi,2016,1.27447998523712
CAN,Canada,tertiary_gpi,2017,1.27453994750977
CAN,Canada,tertiary_gpi,2018,1.27225995063782
CAN,Canada,tertiary_gpi,2019,1.26180005073547
CAN,Canada,tertiary_gpi,2020,1.26171004772186
CAN,Canada,tertiary_gpi,2021,1.27470004558563
CAN,Canada,tertiary_gpi,2022,1.28119003772736
CAN,Canada,tertiary_gpi,2023,1.26879000663757
CAN,Canada,gdp_pc,1990,40475.096436631
CAN,Canada,gdp_pc,1991,39139.2968301857
CAN,Canada,gdp_pc,1992,39023.1668132004
CAN,Canada,gdp_pc,1993,39622.4634110923
CAN,Canada,gdp_pc,1994,40952.1197737093
CAN,Canada,gdp_pc,1995,41617.706919569
CAN,Canada,gdp_pc,1996,41880.535589577
CAN,Canada,gdp_pc,1997,43241.2236471729
CAN,Canada,gdp_pc,1998,44553.2651715658
CAN,Canada,gdp_pc,1999,46464.5274488374
CAN,Canada,gdp_pc,2000,48399.2864445547
CAN,Canada,gdp_pc,2001,48774.1483226516
CAN,Canada,gdp_pc,2002,49694.9870914363
CAN,Canada,gdp_pc,2003,50139.7664579994
CAN,Canada,gdp_pc,2004,51210.6593966138
CAN,Canada,gdp_pc,2005,52356.5371486354
CAN,Canada,gdp_pc,2006,53195.7608573851
CAN,Canada,gdp_pc,2007,53761.8407991685
CAN,Canada,gdp_pc,2008,53711.6580329654
CAN,Canada,gdp_pc,2009,51552.4020321975
CAN,Canada,gdp_pc,2010,52558.4200617806
CAN,Canada,gdp_pc,2011,53681.1084809345
CAN,Canada,gdp_pc,2012,54034.7821680318
CAN,Canada,gdp_pc,2013,54712.1568593677
CAN,Canada,gdp_pc,2014,55723.4615652506
CAN,Canada,gdp_pc,2015,55660.8455840759
CAN,Canada,gdp_pc,2016,55606.1329948184
CAN,Canada,gdp_pc,2017,56612.3062191777
CAN,Canada,gdp_pc,2018,57337.4682870033
CAN,Canada,gdp_pc,2019,57583.8230739204
CAN,Canada,gdp_pc,2020,54092.8576890836
CAN,Canada,gdp_pc,2021,56995.0952020711
CAN,Canada,gdp_pc,2022,58583.1299860138
CAN,Canada,gdp_pc,2023,58088.3778077995
CAN,Canada,gdp_pc,2024,57534.0915185335
CAN,Canada,gdp_pc,2025,57989.5784653558
CHL,Chile,tfr,1960,4.697
CHL,Chile,tfr,1961,4.655
CHL,Chile,tfr,1962,4.602
CHL,Chile,tfr,1963,4.536
CHL,Chile,tfr,1964,4.457
CHL,Chile,tfr,1965,4.364
CHL,Chile,tfr,1966,4.259
CHL,Chile,tfr,1967,4.144
CHL,Chile,tfr,1968,4.025
CHL,Chile,tfr,1969,3.902
CHL,Chile,tfr,1970,3.778
CHL,Chile,tfr,1971,3.654
CHL,Chile,tfr,1972,3.53
CHL,Chile,tfr,1973,3.409
CHL,Chile,tfr,1974,3.293
CHL,Chile,tfr,1975,3.182
CHL,Chile,tfr,1976,3.078
CHL,Chile,tfr,1977,2.981
CHL,Chile,tfr,1978,2.892
CHL,Chile,tfr,1979,2.812
CHL,Chile,tfr,1980,2.744
CHL,Chile,tfr,1981,2.689
CHL,Chile,tfr,1982,2.648
CHL,Chile,tfr,1983,2.619
CHL,Chile,tfr,1984,2.601
CHL,Chile,tfr,1985,2.592
CHL,Chile,tfr,1986,2.589
CHL,Chile,tfr,1987,2.59
CHL,Chile,tfr,1988,2.591
CHL,Chile,tfr,1989,2.589
CHL,Chile,tfr,1990,2.579
CHL,Chile,tfr,1991,2.558
CHL,Chile,tfr,1992,2.478
CHL,Chile,tfr,1993,2.43
CHL,Chile,tfr,1994,2.377
CHL,Chile,tfr,1995,2.353
CHL,Chile,tfr,1996,2.284
CHL,Chile,tfr,1997,2.202
CHL,Chile,tfr,1998,2.149
CHL,Chile,tfr,1999,2.074
CHL,Chile,tfr,2000,2.046
CHL,Chile,tfr,2001,2.007
CHL,Chile,tfr,2002,1.934
CHL,Chile,tfr,2003,1.885
CHL,Chile,tfr,2004,1.844
CHL,Chile,tfr,2005,1.825
CHL,Chile,tfr,2006,1.798
CHL,Chile,tfr,2007,1.826
CHL,Chile,tfr,2008,1.85
CHL,Chile,tfr,2009,1.855
CHL,Chile,tfr,2010,1.844
CHL,Chile,tfr,2011,1.823
CHL,Chile,tfr,2012,1.798
CHL,Chile,tfr,2013,1.786
CHL,Chile,tfr,2014,1.774
CHL,Chile,tfr,2015,1.737
CHL,Chile,tfr,2016,1.686
CHL,Chile,tfr,2017,1.563
CHL,Chile,tfr,2018,1.543
CHL,Chile,tfr,2019,1.43
CHL,Chile,tfr,2020,1.307
CHL,Chile,tfr,2021,1.176
CHL,Chile,tfr,2022,1.255
CHL,Chile,tfr,2023,1.167
CHL,Chile,tfr,2024,1.14
CHL,Chile,lfp_ratio,1990,41.4926812283216
CHL,Chile,lfp_ratio,1991,42.4142014983965
CHL,Chile,lfp_ratio,1992,43.7437424250408
CHL,Chile,lfp_ratio,1993,44.7678083631015
CHL,Chile,lfp_ratio,1994,45.6285335746986
CHL,Chile,lfp_ratio,1995,46.7615027877651
CHL,Chile,lfp_ratio,1996,47.6750068096035
CHL,Chile,lfp_ratio,1997,49.1266690252499
CHL,Chile,lfp_ratio,1998,49.6680399926523
CHL,Chile,lfp_ratio,1999,50.2910852662011
CHL,Chile,lfp_ratio,2000,50.4949036310791
CHL,Chile,lfp_ratio,2001,49.7325551478056
CHL,Chile,lfp_ratio,2002,49.8522814312288
CHL,Chile,lfp_ratio,2003,51.9451964435405
CHL,Chile,lfp_ratio,2004,54.4204185865764
CHL,Chile,lfp_ratio,2005,55.9044368600683
CHL,Chile,lfp_ratio,2006,56.636488340192
CHL,Chile,lfp_ratio,2007,57.9522221764843
CHL,Chile,lfp_ratio,2008,60.2755798090041
CHL,Chile,lfp_ratio,2009,61.5880509656134
CHL,Chile,lfp_ratio,2010,63.1184751128174
CHL,Chile,lfp_ratio,2011,65.3532681310459
CHL,Chile,lfp_ratio,2012,66.0041068864164
CHL,Chile,lfp_ratio,2013,66.8641602930087
CHL,Chile,lfp_ratio,2014,67.7443690052807
CHL,Chile,lfp_ratio,2015,67.6301509697523
CHL,Chile,lfp_ratio,2016,68.4393624767401
CHL,Chile,lfp_ratio,2017,69.5248461393749
CHL,Chile,lfp_ratio,2018,70.6043993049475
CHL,Chile,lfp_ratio,2019,71.4192699502177
CHL,Chile,lfp_ratio,2020,67.305527578648
CHL,Chile,lfp_ratio,2021,67.7286144271735
CHL,Chile,lfp_ratio,2022,70.9755682301864
CHL,Chile,lfp_ratio,2023,72.8814272490112
CHL,Chile,lfp_ratio,2024,73.2917702273011
CHL,Chile,lfp_ratio,2025,73.5287166154573
CHL,Chile,tertiary_gpi,2000,0.916450023651123
CHL,Chile,tertiary_gpi,2002,0.931150019168854
CHL,Chile,tertiary_gpi,2003,0.944050014019012
CHL,Chile,tertiary_gpi,2004,0.950299978256226
CHL,Chile,tertiary_gpi,2005,0.956709980964661
CHL,Chile,tertiary_gpi,2006,0.9966099858284
CHL,Chile,tertiary_gpi,2007,1.0075900554657
CHL,Chile,tertiary_gpi,2008,1.02783000469208
CHL,Chile,tertiary_gpi,2009,1.05808997154236
CHL,Chile,tertiary_gpi,2010,1.06902003288269
CHL,Chile,tertiary_gpi,2011,1.09080994129181
CHL,Chile,tertiary_gpi,2012,1.10623002052307
CHL,Chile,tertiary_gpi,2013,1.100909948349
CHL,Chile,tertiary_gpi,2014,1.10432994365692
CHL,Chile,tertiary_gpi,2015,1.10243999958038
CHL,Chile,tertiary_gpi,2016,1.11484003067017
CHL,Chile,tertiary_gpi,2017,1.13011002540588
CHL,Chile,tertiary_gpi,2018,1.14221000671387
CHL,Chile,tertiary_gpi,2019,1.14408004283905
CHL,Chile,tertiary_gpi,2020,1.15575003623962
CHL,Chile,tertiary_gpi,2021,1.18094003200531
CHL,Chile,tertiary_gpi,2022,1.16952002048492
CHL,Chile,tertiary_gpi,2023,1.16005003452301
CHL,Chile,tertiary_gpi,2024,1.15266001224518
CHL,Chile,gdp_pc,1990,10955.2486481454
CHL,Chile,gdp_pc,1991,11610.2783301649
CHL,Chile,gdp_pc,1992,12738.6163157023
CHL,Chile,gdp_pc,1993,13380.4722185057
CHL,Chile,gdp_pc,1994,13849.6261008096
CHL,Chile,gdp_pc,1995,14911.5640742268
CHL,Chile,gdp_pc,1996,15748.4653555533
CHL,Chile,gdp_pc,1997,16687.855593506
CHL,Chile,gdp_pc,1998,17161.0335564475
CHL,Chile,gdp_pc,1999,16900.1244018472
CHL,Chile,gdp_pc,2000,17529.4205997692
CHL,Chile,gdp_pc,2001,17874.5313866938
CHL,Chile,gdp_pc,2002,18244.5196827315
CHL,Chile,gdp_pc,2003,18907.3458745755
CHL,Chile,gdp_pc,2004,19966.7093106095
CHL,Chile,gdp_pc,2005,20923.479756183
CHL,Chile,gdp_pc,2006,21973.7382914389
CHL,Chile,gdp_pc,2007,22884.2997108846
CHL,Chile,gdp_pc,2008,23515.3473178269
CHL,Chile,gdp_pc,2009,23019.0299454094
CHL,Chile,gdp_pc,2010,24122.4787924386
CHL,Chile,gdp_pc,2011,25372.2741480772
CHL,Chile,gdp_pc,2012,26676.8110154019
CHL,Chile,gdp_pc,2013,27297.8185145366
CHL,Chile,gdp_pc,2014,27511.5610030404
CHL,Chile,gdp_pc,2015,27817.9584848024
CHL,Chile,gdp_pc,2016,27965.3473526831
CHL,Chile,gdp_pc,2017,27899.5979777012
CHL,Chile,gdp_pc,2018,28499.4064000406
CHL,Chile,gdp_pc,2019,28227.9790507594
CHL,Chile,gdp_pc,2020,26258.4038553242
CHL,Chile,gdp_pc,2021,29106.6356522053
CHL,Chile,gdp_pc,2022,29560.4513805785
CHL,Chile,gdp_pc,2023,29600.4188613168
CHL,Chile,gdp_pc,2024,30267.6440919907
CHL,Chile,gdp_pc,2025,30863.4223155169
COL,Colombia,tfr,1960,6.735
COL,Colombia,tfr,1961,6.712
COL,Colombia,tfr,1962,6.663
COL,Colombia,tfr,1963,6.584
COL,Colombia,tfr,1964,6.475
COL,Colombia,tfr,1965,6.333
COL,Colombia,tfr,1966,6.159
COL,Colombia,tfr,1967,5.957
COL,Colombia,tfr,1968,5.737
COL,Colombia,tfr,1969,5.506
COL,Colombia,tfr,1970,5.276
COL,Colombia,tfr,1971,5.057
COL,Colombia,tfr,1972,4.857
COL,Colombia,tfr,1973,4.68
COL,Colombia,tfr,1974,4.527
COL,Colombia,tfr,1975,4.398
COL,Colombia,tfr,1976,4.285
COL,Colombia,tfr,1977,4.163
COL,Colombia,tfr,1978,3.998
COL,Colombia,tfr,1979,3.888
COL,Colombia,tfr,1980,3.798
COL,Colombia,tfr,1981,3.706
COL,Colombia,tfr,1982,3.618
COL,Colombia,tfr,1983,3.501
COL,Colombia,tfr,1984,3.35
COL,Colombia,tfr,1985,3.225
COL,Colombia,tfr,1986,3.147
COL,Colombia,tfr,1987,3.087
COL,Colombia,tfr,1988,3.039
COL,Colombia,tfr,1989,3.012
COL,Colombia,tfr,1990,2.995
COL,Colombia,tfr,1991,2.982
COL,Colombia,tfr,1992,2.983
COL,Colombia,tfr,1993,2.978
COL,Colombia,tfr,1994,2.937
COL,Colombia,tfr,1995,2.85
COL,Colombia,tfr,1996,2.768
COL,Colombia,tfr,1997,2.743
COL,Colombia,tfr,1998,2.717
COL,Colombia,tfr,1999,2.637
COL,Colombia,tfr,2000,2.574
COL,Colombia,tfr,2001,2.522
COL,Colombia,tfr,2002,2.489
COL,Colombia,tfr,2003,2.45
COL,Colombia,tfr,2004,2.384
COL,Colombia,tfr,2005,2.309
COL,Colombia,tfr,2006,2.241
COL,Colombia,tfr,2007,2.195
COL,Colombia,tfr,2008,2.155
COL,Colombia,tfr,2009,2.096
COL,Colombia,tfr,2010,2.01
COL,Colombia,tfr,2011,1.938
COL,Colombia,tfr,2012,1.899
COL,Colombia,tfr,2013,1.86
COL,Colombia,tfr,2014,1.822
COL,Colombia,tfr,2015,1.771
COL,Colombia,tfr,2016,1.719
COL,Colombia,tfr,2017,1.717
COL,Colombia,tfr,2018,1.715
COL,Colombia,tfr,2019,1.71
COL,Colombia,tfr,2020,1.694
COL,Colombia,tfr,2021,1.68
COL,Colombia,tfr,2022,1.663
COL,Colombia,tfr,2023,1.645
COL,Colombia,tfr,2024,1.634
COL,Colombia,lfp_ratio,1990,66.3331012878524
COL,Colombia,lfp_ratio,1991,65.70788241995
COL,Colombia,lfp_ratio,1992,65.368514368736
COL,Colombia,lfp_ratio,1993,65.2252626943449
COL,Colombia,lfp_ratio,1994,65.2060821897828
COL,Colombia,lfp_ratio,1995,65.2521465715322
COL,Colombia,lfp_ratio,1996,65.1314756434878
COL,Colombia,lfp_ratio,1997,65.282500180858
COL,Colombia,lfp_ratio,1998,65.2224315316621
COL,Colombia,lfp_ratio,1999,64.6639201818027
COL,Colombia,lfp_ratio,2000,64.7921166961967
COL,Colombia,lfp_ratio,2001,64.7682472676104
COL,Colombia,lfp_ratio,2002,64.3091398179652
COL,Colombia,lfp_ratio,2003,65.7204385277995
COL,Colombia,lfp_ratio,2004,65.3764954257565
COL,Colombia,lfp_ratio,2005,63.8280879526793
COL,Colombia,lfp_ratio,2006,63.7813154375962
COL,Colombia,lfp_ratio,2007,63.755341539639
COL,Colombia,lfp_ratio,2008,64.1263940520446
COL,Colombia,lfp_ratio,2009,66.9356240224434
COL,Colombia,lfp_ratio,2010,67.7629448830664
COL,Colombia,lfp_ratio,2011,68.1382457619762
COL,Colombia,lfp_ratio,2012,69.4322548655014
COL,Colombia,lfp_ratio,2013,69.3219850332803
COL,Colombia,lfp_ratio,2014,69.1735942550275
COL,Colombia,lfp_ratio,2015,69.6714076764009
COL,Colombia,lfp_ratio,2016,69.5860621860495
COL,Colombia,lfp_ratio,2017,69.4967708932796
COL,Colombia,lfp_ratio,2018,68.4819097351734
COL,Colombia,lfp_ratio,2019,68.2656730418469
COL,Colombia,lfp_ratio,2020,67.0260062163119
COL,Colombia,lfp_ratio,2021,66.6490411276906
COL,Colombia,lfp_ratio,2022,67.0591024020227
COL,Colombia,lfp_ratio,2023,68.0482073229969
COL,Colombia,lfp_ratio,2024,68.1751074319158
COL,Colombia,lfp_ratio,2025,68.2009142072027
COL,Colombia,tertiary_gpi,2000,1.05201995372772
COL,Colombia,tertiary_gpi,2001,1.06184005737305
COL,Colombia,tertiary_gpi,2002,1.04983997344971
COL,Colombia,tertiary_gpi,2004,1.04771995544434
COL,Colombia,tertiary_gpi,2005,1.05103003978729
COL,Colombia,tertiary_gpi,2006,1.05864000320435
COL,Colombia,tertiary_gpi,2007,1.06298005580902
COL,Colombia,tertiary_gpi,2008,0.970719993114471
COL,Colombia,tertiary_gpi,2009,1.02941000461578
COL,Colombia,tertiary_gpi,2010,1.0717099905014
COL,Colombia,tertiary_gpi,2011,1.07462000846863
COL,Colombia,tertiary_gpi,2012,1.10241997241974
COL,Colombia,tertiary_gpi,2013,1.11777997016907
COL,Colombia,tertiary_gpi,2014,1.12626004219055
COL,Colombia,tertiary_gpi,2015,1.13446998596191
COL,Colombia,tertiary_gpi,2016,1.13385999202728
COL,Colombia,tertiary_gpi,2017,1.13627994060516
COL,Colombia,tertiary_gpi,2018,1.13541996479034
COL,Colombia,tertiary_gpi,2019,1.1255099773407
COL,Colombia,tertiary_gpi,2020,1.13554000854492
COL,Colombia,tertiary_gpi,2021,1.15137004852295
COL,Colombia,tertiary_gpi,2022,1.15418994426727
COL,Colombia,gdp_pc,1990,9998.81069684463
COL,Colombia,gdp_pc,1991,9996.0978604328
COL,Colombia,gdp_pc,1992,10196.4329707468
COL,Colombia,gdp_pc,1993,10533.1149561734
COL,Colombia,gdp_pc,1994,10927.9389491607
COL,Colombia,gdp_pc,1995,11279.0004579347
COL,Colombia,gdp_pc,1996,11303.1308859186
COL,Colombia,gdp_pc,1997,11483.5050125907
COL,Colombia,gdp_pc,1998,11343.8799115733
COL,Colombia,gdp_pc,1999,10679.7092686089
COL,Colombia,gdp_pc,2000,10813.4942250011
COL,Colombia,gdp_pc,2001,10823.4504878807
COL,Colombia,gdp_pc,2002,10925.1485602082
COL,Colombia,gdp_pc,2003,11183.2911819793
COL,Colombia,gdp_pc,2004,11607.9384935105
COL,Colombia,gdp_pc,2005,11999.2549591305
COL,Colombia,gdp_pc,2006,12636.6246577724
COL,Colombia,gdp_pc,2007,13318.3033138168
COL,Colombia,gdp_pc,2008,13591.0609028567
COL,Colombia,gdp_pc,2009,13586.7518430982
COL,Colombia,gdp_pc,2010,14037.0642668639
COL,Colombia,gdp_pc,2011,14852.3699513061
COL,Colombia,gdp_pc,2012,15279.4790008058
COL,Colombia,gdp_pc,2013,15912.2471293239
COL,Colombia,gdp_pc,2014,16480.3631474161
COL,Colombia,gdp_pc,2015,16821.3801400631
COL,Colombia,gdp_pc,2016,17003.244366485
COL,Colombia,gdp_pc,2017,16986.0334182842
COL,Colombia,gdp_pc,2018,17104.1313545678
COL,Colombia,gdp_pc,2019,17336.7716030551
COL,Colombia,gdp_pc,2020,15861.4999291295
COL,Colombia,gdp_pc,2021,17383.0901728295
COL,Colombia,gdp_pc,2022,18458.7209460704
COL,Colombia,gdp_pc,2023,18406.6242338491
COL,Colombia,gdp_pc,2024,18481.8374929368
COL,Colombia,gdp_pc,2025,18778.6482631901
CRI,Costa Rica,tfr,1960,6.712
CRI,Costa Rica,tfr,1961,6.651
CRI,Costa Rica,tfr,1962,6.543
CRI,Costa Rica,tfr,1963,6.389
CRI,Costa Rica,tfr,1964,6.193
CRI,Costa Rica,tfr,1965,5.96
CRI,Costa Rica,tfr,1966,5.697
CRI,Costa Rica,tfr,1967,5.416
CRI,Costa Rica,tfr,1968,5.028
CRI,Costa Rica,tfr,1969,4.835
CRI,Costa Rica,tfr,1970,4.585
CRI,Costa Rica,tfr,1971,4.362
CRI,Costa Rica,tfr,1972,4.158
CRI,Costa Rica,tfr,1973,3.991
CRI,Costa Rica,tfr,1974,3.893
CRI,Costa Rica,tfr,1975,3.804
CRI,Costa Rica,tfr,1976,3.747
CRI,Costa Rica,tfr,1977,3.701
CRI,Costa Rica,tfr,1978,3.662
CRI,Costa Rica,tfr,1979,3.651
CRI,Costa Rica,tfr,1980,3.583
CRI,Costa Rica,tfr,1981,3.556
CRI,Costa Rica,tfr,1982,3.54
CRI,Costa Rica,tfr,1983,3.525
CRI,Costa Rica,tfr,1984,3.519
CRI,Costa Rica,tfr,1985,3.511
CRI,Costa Rica,tfr,1986,3.454
CRI,Costa Rica,tfr,1987,3.384
CRI,Costa Rica,tfr,1988,3.314
CRI,Costa Rica,tfr,1989,3.238
CRI,Costa Rica,tfr,1990,3.167
CRI,Costa Rica,tfr,1991,3.075
CRI,Costa Rica,tfr,1992,3.001
CRI,Costa Rica,tfr,1993,2.928
CRI,Costa Rica,tfr,1994,2.857
CRI,Costa Rica,tfr,1995,2.779
CRI,Costa Rica,tfr,1996,2.681
CRI,Costa Rica,tfr,1997,2.589
CRI,Costa Rica,tfr,1998,2.527
CRI,Costa Rica,tfr,1999,2.481
CRI,Costa Rica,tfr,2000,2.413
CRI,Costa Rica,tfr,2001,2.312
CRI,Costa Rica,tfr,2002,2.162
CRI,Costa Rica,tfr,2003,2.084
CRI,Costa Rica,tfr,2004,2.028
CRI,Costa Rica,tfr,2005,2.038
CRI,Costa Rica,tfr,2006,1.937
CRI,Costa Rica,tfr,2007,1.954
CRI,Costa Rica,tfr,2008,1.98
CRI,Costa Rica,tfr,2009,1.953
CRI,Costa Rica,tfr,2010,1.827
CRI,Costa Rica,tfr,2011,1.877
CRI,Costa Rica,tfr,2012,1.851
CRI,Costa Rica,tfr,2013,1.779
CRI,Costa Rica,tfr,2014,1.8
CRI,Costa Rica,tfr,2015,1.797
CRI,Costa Rica,tfr,2016,1.746
CRI,Costa Rica,tfr,2017,1.714
CRI,Costa Rica,tfr,2018,1.706
CRI,Costa Rica,tfr,2019,1.6
CRI,Costa Rica,tfr,2020,1.448
CRI,Costa Rica,tfr,2021,1.353
CRI,Costa Rica,tfr,2022,1.335
CRI,Costa Rica,tfr,2023,1.33
CRI,Costa Rica,tfr,2024,1.318
CRI,Costa Rica,lfp_ratio,1990,39.9785911518204
CRI,Costa Rica,lfp_ratio,1991,41.6141157078458
CRI,Costa Rica,lfp_ratio,1992,41.1683735966762
CRI,Costa Rica,lfp_ratio,1993,41.8497802636836
CRI,Costa Rica,lfp_ratio,1994,43.3489651722629
CRI,Costa Rica,lfp_ratio,1995,43.8396510080347
CRI,Costa Rica,lfp_ratio,1996,43.3483057425339
CRI,Costa Rica,lfp_ratio,1997,46.4657211881486
CRI,Costa Rica,lfp_ratio,1998,48.8688175240361
CRI,Costa Rica,lfp_ratio,1999,49.7706879361914
CRI,Costa Rica,lfp_ratio,2000,48.3411729383507
CRI,Costa Rica,lfp_ratio,2001,52.1649639800196
CRI,Costa Rica,lfp_ratio,2002,51.9771084946182
CRI,Costa Rica,lfp_ratio,2003,52.2090680100756
CRI,Costa Rica,lfp_ratio,2004,50.6182409678362
CRI,Costa Rica,lfp_ratio,2005,54.829720196327
CRI,Costa Rica,lfp_ratio,2006,55.0353906954875
CRI,Costa Rica,lfp_ratio,2007,55.8962323668206
CRI,Costa Rica,lfp_ratio,2008,56.946633352553
CRI,Costa Rica,lfp_ratio,2009,58.3844540824965
CRI,Costa Rica,lfp_ratio,2010,58.8746379809681
CRI,Costa Rica,lfp_ratio,2011,61.6996986632329
CRI,Costa Rica,lfp_ratio,2012,66.1637210259576
CRI,Costa Rica,lfp_ratio,2013,66.9370322479527
CRI,Costa Rica,lfp_ratio,2014,66.2126957104903
CRI,Costa Rica,lfp_ratio,2015,65.8268462023985
CRI,Costa Rica,lfp_ratio,2016,62.2883363337349
CRI,Costa Rica,lfp_ratio,2017,61.7650224697936
CRI,Costa Rica,lfp_ratio,2018,63.7941658472632
CRI,Costa Rica,lfp_ratio,2019,69.158829470481
CRI,Costa Rica,lfp_ratio,2020,66.5690473909652
CRI,Costa Rica,lfp_ratio,2021,68.1535832474367
CRI,Costa Rica,lfp_ratio,2022,68.7452149185169
CRI,Costa Rica,lfp_ratio,2023,62.9091635512685
CRI,Costa Rica,lfp_ratio,2024,65.8230384929212
CRI,Costa Rica,lfp_ratio,2025,65.9628451019179
CRI,Costa Rica,tertiary_gpi,2004,1.17958998680115
CRI,Costa Rica,tertiary_gpi,2011,1.20441997051239
CRI,Costa Rica,tertiary_gpi,2012,1.19927000999451
CRI,Costa Rica,tertiary_gpi,2013,1.17934000492096
CRI,Costa Rica,tertiary_gpi,2014,1.18940997123718
CRI,Costa Rica,tertiary_gpi,2015,1.23074996471405
CRI,Costa Rica,tertiary_gpi,2016,1.18638002872467
CRI,Costa Rica,tertiary_gpi,2017,1.20255994796753
CRI,Costa Rica,tertiary_gpi,2018,1.17250001430511
CRI,Costa Rica,tertiary_gpi,2019,1.17723000049591
CRI,Costa Rica,gdp_pc,1990,10979.788113325
CRI,Costa Rica,gdp_pc,1991,10946.3811047015
CRI,Costa Rica,gdp_pc,1992,11654.8187340805
CRI,Costa Rica,gdp_pc,1993,12173.6770672722
CRI,Costa Rica,gdp_pc,1994,12415.2629246683
CRI,Costa Rica,gdp_pc,1995,12623.5339424627
CRI,Costa Rica,gdp_pc,1996,12497.627359916
CRI,Costa Rica,gdp_pc,1997,12887.5255656264
CRI,Costa Rica,gdp_pc,1998,13505.0840975141
CRI,Costa Rica,gdp_pc,1999,13776.5829416464
CRI,Costa Rica,gdp_pc,2000,14025.6899537485
CRI,Costa Rica,gdp_pc,2001,14257.525071713
CRI,Costa Rica,gdp_pc,2002,14503.176481607
CRI,Costa Rica,gdp_pc,2003,14898.7197394794
CRI,Costa Rica,gdp_pc,2004,15330.8832332948
CRI,Costa Rica,gdp_pc,2005,15711.7451335337
CRI,Costa Rica,gdp_pc,2006,16628.3723014013
CRI,Costa Rica,gdp_pc,2007,17752.4161954513
CRI,Costa Rica,gdp_pc,2008,18343.0996854851
CRI,Costa Rica,gdp_pc,2009,17941.5019129465
CRI,Costa Rica,gdp_pc,2010,18670.1678827387
CRI,Costa Rica,gdp_pc,2011,19264.4566461776
CRI,Costa Rica,gdp_pc,2012,19970.6856013628
CRI,Costa Rica,gdp_pc,2013,20242.2938648319
CRI,Costa Rica,gdp_pc,2014,20735.1927258406
CRI,Costa Rica,gdp_pc,2015,21265.3176336354
CRI,Costa Rica,gdp_pc,2016,21936.4660575366
CRI,Costa Rica,gdp_pc,2017,22633.7648663302
CRI,Costa Rica,gdp_pc,2018,23069.8622241266
CRI,Costa Rica,gdp_pc,2019,23496.8294622995
CRI,Costa Rica,gdp_pc,2020,22368.1378072638
CRI,Costa Rica,gdp_pc,2021,24083.5988182437
CRI,Costa Rica,gdp_pc,2022,25290.0087466975
CRI,Costa Rica,gdp_pc,2023,26378.5409941926
CRI,Costa Rica,gdp_pc,2024,27325.0470476503
CRI,Costa Rica,gdp_pc,2025,28443.4127676388
CZE,Czechia,tfr,1960,2.09
CZE,Czechia,tfr,1961,2.11
CZE,Czechia,tfr,1962,2.12
CZE,Czechia,tfr,1963,2.31
CZE,Czechia,tfr,1964,2.34
CZE,Czechia,tfr,1965,2.18
CZE,Czechia,tfr,1966,2.02
CZE,Czechia,tfr,1967,1.91
CZE,Czechia,tfr,1968,1.84
CZE,Czechia,tfr,1969,1.87
CZE,Czechia,tfr,1970,1.92
CZE,Czechia,tfr,1971,2.0
CZE,Czechia,tfr,1972,2.09
CZE,Czechia,tfr,1973,2.31
CZE,Czechia,tfr,1974,2.46
CZE,Czechia,tfr,1975,2.43
CZE,Czechia,tfr,1976,2.39
CZE,Czechia,tfr,1977,2.34
CZE,Czechia,tfr,1978,2.33
CZE,Czechia,tfr,1979,2.27
CZE,Czechia,tfr,1980,2.08
CZE,Czechia,tfr,1981,2.0
CZE,Czechia,tfr,1982,2.0
CZE,Czechia,tfr,1983,1.97
CZE,Czechia,tfr,1984,1.97
CZE,Czechia,tfr,1985,1.95
CZE,Czechia,tfr,1986,1.92
CZE,Czechia,tfr,1987,1.91
CZE,Czechia,tfr,1988,1.94
CZE,Czechia,tfr,1989,1.87
CZE,Czechia,tfr,1990,1.9
CZE,Czechia,tfr,1991,1.86
CZE,Czechia,tfr,1992,1.71
CZE,Czechia,tfr,1993,1.67
CZE,Czechia,tfr,1994,1.44
CZE,Czechia,tfr,1995,1.28
CZE,Czechia,tfr,1996,1.18
CZE,Czechia,tfr,1997,1.17
CZE,Czechia,tfr,1998,1.16
CZE,Czechia,tfr,1999,1.13
CZE,Czechia,tfr,2000,1.15
CZE,Czechia,tfr,2001,1.15
CZE,Czechia,tfr,2002,1.17
CZE,Czechia,tfr,2003,1.18
CZE,Czechia,tfr,2004,1.23
CZE,Czechia,tfr,2005,1.29
CZE,Czechia,tfr,2006,1.34
CZE,Czechia,tfr,2007,1.45
CZE,Czechia,tfr,2008,1.51
CZE,Czechia,tfr,2009,1.51
CZE,Czechia,tfr,2010,1.51
CZE,Czechia,tfr,2011,1.43
CZE,Czechia,tfr,2012,1.45
CZE,Czechia,tfr,2013,1.46
CZE,Czechia,tfr,2014,1.53
CZE,Czechia,tfr,2015,1.57
CZE,Czechia,tfr,2016,1.63
CZE,Czechia,tfr,2017,1.69
CZE,Czechia,tfr,2018,1.71
CZE,Czechia,tfr,2019,1.71
CZE,Czechia,tfr,2020,1.74
CZE,Czechia,tfr,2021,1.83
CZE,Czechia,tfr,2022,1.64
CZE,Czechia,tfr,2023,1.46
CZE,Czechia,tfr,2024,1.36
CZE,Czechia,lfp_ratio,1990,74.0286355979787
CZE,Czechia,lfp_ratio,1991,73.3578383231853
CZE,Czechia,lfp_ratio,1992,73.3962714099345
CZE,Czechia,lfp_ratio,1993,73.4691586686872
CZE,Czechia,lfp_ratio,1994,73.585433390205
CZE,Czechia,lfp_ratio,1995,73.3260568406028
CZE,Czechia,lfp_ratio,1996,72.5374470287129
CZE,Czechia,lfp_ratio,1997,72.8304377747504
CZE,Czechia,lfp_ratio,1998,73.3174365775884
CZE,Czechia,lfp_ratio,1999,73.8365919612646
CZE,Czechia,lfp_ratio,2000,73.9170889518738
CZE,Czechia,lfp_ratio,2001,73.8882324120241
CZE,Czechia,lfp_ratio,2002,73.5203301301475
CZE,Czechia,lfp_ratio,2003,73.9173428729314
CZE,Czechia,lfp_ratio,2004,73.8187021786111
CZE,Czechia,lfp_ratio,2005,73.681837355093
CZE,Czechia,lfp_ratio,2006,73.7018669778296
CZE,Czechia,lfp_ratio,2007,72.7967106129556
CZE,Czechia,lfp_ratio,2008,72.254352229692
CZE,Czechia,lfp_ratio,2009,72.50593998416
CZE,Czechia,lfp_ratio,2010,72.4518027961737
CZE,Czechia,lfp_ratio,2011,73.2658017889935
CZE,Czechia,lfp_ratio,2012,73.927816927418
CZE,Czechia,lfp_ratio,2013,74.7814075151729
CZE,Czechia,lfp_ratio,2014,74.5349178403756
CZE,Czechia,lfp_ratio,2015,75.3226304869256
CZE,Czechia,lfp_ratio,2016,75.7544697113906
CZE,Czechia,lfp_ratio,2017,76.1856031811005
CZE,Czechia,lfp_ratio,2018,76.6803320543308
CZE,Czechia,lfp_ratio,2019,76.591880967723
CZE,Czechia,lfp_ratio,2020,75.8962938929609
CZE,Czechia,lfp_ratio,2021,76.1633919338159
CZE,Czechia,lfp_ratio,2022,76.8996154356186
CZE,Czechia,lfp_ratio,2023,78.3739621974916
CZE,Czechia,lfp_ratio,2024,79.0372236216065
CZE,Czechia,lfp_ratio,2025,79.1753065939925
CZE,Czechia,tertiary_gpi,2001,1.04621005058289
CZE,Czechia,tertiary_gpi,2002,1.08642995357513
CZE,Czechia,tertiary_gpi,2003,1.06667995452881
CZE,Czechia,tertiary_gpi,2004,1.08847999572754
CZE,Czechia,tertiary_gpi,2005,1.13490998744965
CZE,Czechia,tertiary_gpi,2006,1.17693996429443
CZE,Czechia,tertiary_gpi,2007,1.20789003372192
CZE,Czechia,tertiary_gpi,2008,1.23677003383636
CZE,Czechia,tertiary_gpi,2009,1.27084994316101
CZE,Czechia,tertiary_gpi,2010,1.27778995037079
CZE,Czechia,tertiary_gpi,2011,1.28573000431061
CZE,Czechia,tertiary_gpi,2012,1.2854700088501
CZE,Czechia,tertiary_gpi,2013,1.29008996486664
CZE,Czechia,tertiary_gpi,2014,1.2836400270462
CZE,Czechia,tertiary_gpi,2015,1.28895998001099
CZE,Czechia,tertiary_gpi,2016,1.2880699634552
CZE,Czechia,tertiary_gpi,2017,1.28925001621246
CZE,Czechia,tertiary_gpi,2018,1.28228998184204
CZE,Czechia,tertiary_gpi,2019,1.28250002861023
CZE,Czechia,tertiary_gpi,2020,1.28620994091034
CZE,Czechia,tertiary_gpi,2021,1.27947998046875
CZE,Czechia,tertiary_gpi,2022,1.29106998443603
CZE,Czechia,tertiary_gpi,2023,1.26110005378723
CZE,Czechia,gdp_pc,1990,27918.1375190566
CZE,Czechia,gdp_pc,1991,24734.7702062546
CZE,Czechia,gdp_pc,1992,24584.3299626051
CZE,Czechia,gdp_pc,1993,24573.9914877529
CZE,Czechia,gdp_pc,1994,25279.7917961729
CZE,Czechia,gdp_pc,1995,26869.0197149398
CZE,Czechia,gdp_pc,1996,28021.6704584336
CZE,Czechia,gdp_pc,1997,27884.7397585343
CZE,Czechia,gdp_pc,1998,27801.4387801408
CZE,Czechia,gdp_pc,1999,28213.4555005997
CZE,Czechia,gdp_pc,2000,29427.4070011514
CZE,Czechia,gdp_pc,2001,30399.8730764283
CZE,Czechia,gdp_pc,2002,30919.5496618702
CZE,Czechia,gdp_pc,2003,31949.2963145034
CZE,Czechia,gdp_pc,2004,33452.3408000614
CZE,Czechia,gdp_pc,2005,35535.7479961511
CZE,Czechia,gdp_pc,2006,37786.8781740905
CZE,Czechia,gdp_pc,2007,39629.0061324728
CZE,Czechia,gdp_pc,2008,40328.3426630095
CZE,Czechia,gdp_pc,2009,38175.1422773334
CZE,Czechia,gdp_pc,2010,39097.3886218756
CZE,Czechia,gdp_pc,2011,39708.1626280195
CZE,Czechia,gdp_pc,2012,39347.0492956846
CZE,Czechia,gdp_pc,2013,39317.5535692377
CZE,Czechia,gdp_pc,2014,40158.0164275735
CZE,Czechia,gdp_pc,2015,42066.5759800801
CZE,Czechia,gdp_pc,2016,43069.4659744727
CZE,Czechia,gdp_pc,2017,45177.5226053634
CZE,Czechia,gdp_pc,2018,46301.082036029
CZE,Czechia,gdp_pc,2019,47763.6165520254
CZE,Czechia,gdp_pc,2020,45119.9387309139
CZE,Czechia,gdp_pc,2021,47796.0337408466
CZE,Czechia,gdp_pc,2022,48390.661678675
CZE,Czechia,gdp_pc,2023,47558.4106763314
CZE,Czechia,gdp_pc,2024,47972.53171792
CZE,Czechia,gdp_pc,2025,49292.4878713208
DNK,Denmark,tfr,1960,2.57
DNK,Denmark,tfr,1961,2.55
DNK,Denmark,tfr,1962,2.55
DNK,Denmark,tfr,1963,2.67
DNK,Denmark,tfr,1964,2.6
DNK,Denmark,tfr,1965,2.61
DNK,Denmark,tfr,1966,2.62
DNK,Denmark,tfr,1967,2.35
DNK,Denmark,tfr,1968,2.12
DNK,Denmark,tfr,1969,2.0
DNK,Denmark,tfr,1970,1.95
DNK,Denmark,tfr,1971,2.04
DNK,Denmark,tfr,1972,2.03
DNK,Denmark,tfr,1973,1.92
DNK,Denmark,tfr,1974,1.9
DNK,Denmark,tfr,1975,1.92
DNK,Denmark,tfr,1976,1.75
DNK,Denmark,tfr,1977,1.66
DNK,Denmark,tfr,1978,1.67
DNK,Denmark,tfr,1979,1.6
DNK,Denmark,tfr,1980,1.55
DNK,Denmark,tfr,1981,1.44
DNK,Denmark,tfr,1982,1.43
DNK,Denmark,tfr,1983,1.38
DNK,Denmark,tfr,1984,1.4
DNK,Denmark,tfr,1985,1.45
DNK,Denmark,tfr,1986,1.48
DNK,Denmark,tfr,1987,1.5
DNK,Denmark,tfr,1988,1.56
DNK,Denmark,tfr,1989,1.62
DNK,Denmark,tfr,1990,1.67
DNK,Denmark,tfr,1991,1.68
DNK,Denmark,tfr,1992,1.76
DNK,Denmark,tfr,1993,1.75
DNK,Denmark,tfr,1994,1.81
DNK,Denmark,tfr,1995,1.8
DNK,Denmark,tfr,1996,1.75
DNK,Denmark,tfr,1997,1.75
DNK,Denmark,tfr,1998,1.72
DNK,Denmark,tfr,1999,1.73
DNK,Denmark,tfr,2000,1.77
DNK,Denmark,tfr,2001,1.74
DNK,Denmark,tfr,2002,1.72
DNK,Denmark,tfr,2003,1.76
DNK,Denmark,tfr,2004,1.78
DNK,Denmark,tfr,2005,1.8
DNK,Denmark,tfr,2006,1.85
DNK,Denmark,tfr,2007,1.84
DNK,Denmark,tfr,2008,1.89
DNK,Denmark,tfr,2009,1.84
DNK,Denmark,tfr,2010,1.87
DNK,Denmark,tfr,2011,1.75
DNK,Denmark,tfr,2012,1.73
DNK,Denmark,tfr,2013,1.67
DNK,Denmark,tfr,2014,1.69
DNK,Denmark,tfr,2015,1.71
DNK,Denmark,tfr,2016,1.79
DNK,Denmark,tfr,2017,1.75
DNK,Denmark,tfr,2018,1.73
DNK,Denmark,tfr,2019,1.7
DNK,Denmark,tfr,2020,1.68
DNK,Denmark,tfr,2021,1.72
DNK,Denmark,tfr,2022,1.55
DNK,Denmark,tfr,2023,1.5
DNK,Denmark,tfr,2024,1.47
DNK,Denmark,lfp_ratio,1990,82.8241481200358
DNK,Denmark,lfp_ratio,1991,83.8984092305592
DNK,Denmark,lfp_ratio,1992,84.6018598645623
DNK,Denmark,lfp_ratio,1993,84.5792254253505
DNK,Denmark,lfp_ratio,1994,81.1426489954888
DNK,Denmark,lfp_ratio,1995,79.4293944173925
DNK,Denmark,lfp_ratio,1996,80.1374192661811
DNK,Denmark,lfp_ratio,1997,80.1926682083772
DNK,Denmark,lfp_ratio,1998,83.0012444593593
DNK,Denmark,lfp_ratio,1999,83.2364743323648
DNK,Denmark,lfp_ratio,2000,83.70283610809
DNK,Denmark,lfp_ratio,2001,84.102146308574
DNK,Denmark,lfp_ratio,2002,83.896501356333
DNK,Denmark,lfp_ratio,2003,83.476989486876
DNK,Denmark,lfp_ratio,2004,84.3705641682207
DNK,Denmark,lfp_ratio,2005,84.8461097036964
DNK,Denmark,lfp_ratio,2006,85.6412334260126
DNK,Denmark,lfp_ratio,2007,85.5822784810127
DNK,Denmark,lfp_ratio,2008,85.1366678008393
DNK,Denmark,lfp_ratio,2009,86.1210374639769
DNK,Denmark,lfp_ratio,2010,86.2285781131192
DNK,Denmark,lfp_ratio,2011,86.6363663193932
DNK,Denmark,lfp_ratio,2012,87.4000869786902
DNK,Denmark,lfp_ratio,2013,88.1739662156998
DNK,Denmark,lfp_ratio,2014,86.9148919976253
DNK,Denmark,lfp_ratio,2015,85.978579856594
DNK,Denmark,lfp_ratio,2016,87.5140351409583
DNK,Denmark,lfp_ratio,2017,87.4740557819625
DNK,Denmark,lfp_ratio,2018,87.006852002777
DNK,Denmark,lfp_ratio,2019,86.7499402342816
DNK,Denmark,lfp_ratio,2020,87.0479255327148
DNK,Denmark,lfp_ratio,2021,86.4526198439242
DNK,Denmark,lfp_ratio,2022,88.1597062872877
DNK,Denmark,lfp_ratio,2023,88.2339057060247
DNK,Denmark,lfp_ratio,2024,87.895625568272
DNK,Denmark,lfp_ratio,2025,87.8776489635433
DNK,Denmark,tertiary_gpi,2001,1.24696004390717
DNK,Denmark,tertiary_gpi,2002,1.27663004398346
DNK,Denmark,tertiary_gpi,2003,1.28944003582001
DNK,Denmark,tertiary_gpi,2004,1.29056000709534
DNK,Denmark,tertiary_gpi,2005,1.28102004528046
DNK,Denmark,tertiary_gpi,2006,1.28366005420685
DNK,Denmark,tertiary_gpi,2007,1.29089999198914
DNK,Denmark,tertiary_gpi,2008,1.30610001087189
DNK,Denmark,tertiary_gpi,2009,1.31394004821777
DNK,Denmark,tertiary_gpi,2010,1.30919003486633
DNK,Denmark,tertiary_gpi,2011,1.2948499917984
DNK,Denmark,tertiary_gpi,2012,1.28652000427246
DNK,Denmark,tertiary_gpi,2013,1.27278995513916
DNK,Denmark,tertiary_gpi,2014,1.28464996814728
DNK,Denmark,tertiary_gpi,2015,1.28112995624542
DNK,Denmark,tertiary_gpi,2016,1.26285004615784
DNK,Denmark,tertiary_gpi,2017,1.26423001289368
DNK,Denmark,tertiary_gpi,2018,1.26526999473572
DNK,Denmark,tertiary_gpi,2019,1.27155995368957
DNK,Denmark,tertiary_gpi,2020,1.27427005767822
DNK,Denmark,tertiary_gpi,2021,1.27216994762421
DNK,Denmark,tertiary_gpi,2022,1.28394997119904
DNK,Denmark,tertiary_gpi,2023,1.28236997127533
DNK,Denmark,tertiary_gpi,2024,1.29445004463196
DNK,Denmark,gdp_pc,1990,45943.8875401847
DNK,Denmark,gdp_pc,1991,46493.0175958032
DNK,Denmark,gdp_pc,1992,47276.8936589666
DNK,Denmark,gdp_pc,1993,47082.4674371864
DNK,Denmark,gdp_pc,1994,49408.2038213767
DNK,Denmark,gdp_pc,1995,50644.7074582221
DNK,Denmark,gdp_pc,1996,51817.1735416988
DNK,Denmark,gdp_pc,1997,53237.2951913962
DNK,Denmark,gdp_pc,1998,54278.2791190857
DNK,Denmark,gdp_pc,1999,55704.2583988925
DNK,Denmark,gdp_pc,2000,57585.8965553524
DNK,Denmark,gdp_pc,2001,57925.0542954115
DNK,Denmark,gdp_pc,2002,58003.8882572641
DNK,Denmark,gdp_pc,2003,58101.4809549972
DNK,Denmark,gdp_pc,2004,59560.4599503941
DNK,Denmark,gdp_pc,2005,60798.1351548444
DNK,Denmark,gdp_pc,2006,62911.3931382937
DNK,Denmark,gdp_pc,2007,63251.3169416725
DNK,Denmark,gdp_pc,2008,62618.4499382451
DNK,Denmark,gdp_pc,2009,59185.9677505533
DNK,Denmark,gdp_pc,2010,59856.3490860003
DNK,Denmark,gdp_pc,2011,60391.7799332206
DNK,Denmark,gdp_pc,2012,60161.7010660256
DNK,Denmark,gdp_pc,2013,60745.7784800252
DNK,Denmark,gdp_pc,2014,61210.9490922919
DNK,Denmark,gdp_pc,2015,62059.1285991721
DNK,Denmark,gdp_pc,2016,63468.9888246814
DNK,Denmark,gdp_pc,2017,64989.4459872347
DNK,Denmark,gdp_pc,2018,65870.8302554341
DNK,Denmark,gdp_pc,2019,66758.6323346131
DNK,Denmark,gdp_pc,2020,65379.3066120995
DNK,Denmark,gdp_pc,2021,69327.998216527
DNK,Denmark,gdp_pc,2022,69089.4692492289
DNK,Denmark,gdp_pc,2023,68993.9031100362
DNK,Denmark,gdp_pc,2024,71034.5789667138
DNK,Denmark,gdp_pc,2025,72723.2747867992
EST,Estonia,tfr,1960,1.98
EST,Estonia,tfr,1961,1.98
EST,Estonia,tfr,1962,1.95
EST,Estonia,tfr,1963,1.89
EST,Estonia,tfr,1964,1.94
EST,Estonia,tfr,1965,1.88
EST,Estonia,tfr,1966,1.87
EST,Estonia,tfr,1967,1.9
EST,Estonia,tfr,1968,2.03
EST,Estonia,tfr,1969,2.13
EST,Estonia,tfr,1970,2.17
EST,Estonia,tfr,1971,2.19
EST,Estonia,tfr,1972,2.13
EST,Estonia,tfr,1973,2.06
EST,Estonia,tfr,1974,2.07
EST,Estonia,tfr,1975,2.04
EST,Estonia,tfr,1976,2.07
EST,Estonia,tfr,1977,2.06
EST,Estonia,tfr,1978,2.02
EST,Estonia,tfr,1979,2.0
EST,Estonia,tfr,1980,2.02
EST,Estonia,tfr,1981,2.07
EST,Estonia,tfr,1982,2.07
EST,Estonia,tfr,1983,2.16
EST,Estonia,tfr,1984,2.17
EST,Estonia,tfr,1985,2.13
EST,Estonia,tfr,1986,2.18
EST,Estonia,tfr,1987,2.27
EST,Estonia,tfr,1988,2.27
EST,Estonia,tfr,1989,2.22
EST,Estonia,tfr,1990,2.05
EST,Estonia,tfr,1991,1.8
EST,Estonia,tfr,1992,1.71
EST,Estonia,tfr,1993,1.49
EST,Estonia,tfr,1994,1.42
EST,Estonia,tfr,1995,1.38
EST,Estonia,tfr,1996,1.37
EST,Estonia,tfr,1997,1.32
EST,Estonia,tfr,1998,1.28
EST,Estonia,tfr,1999,1.3
EST,Estonia,tfr,2000,1.36
EST,Estonia,tfr,2001,1.32
EST,Estonia,tfr,2002,1.36
EST,Estonia,tfr,2003,1.37
EST,Estonia,tfr,2004,1.47
EST,Estonia,tfr,2005,1.52
EST,Estonia,tfr,2006,1.58
EST,Estonia,tfr,2007,1.69
EST,Estonia,tfr,2008,1.72
EST,Estonia,tfr,2009,1.7
EST,Estonia,tfr,2010,1.72
EST,Estonia,tfr,2011,1.61
EST,Estonia,tfr,2012,1.56
EST,Estonia,tfr,2013,1.52
EST,Estonia,tfr,2014,1.54
EST,Estonia,tfr,2015,1.58
EST,Estonia,tfr,2016,1.6
EST,Estonia,tfr,2017,1.59
EST,Estonia,tfr,2018,1.67
EST,Estonia,tfr,2019,1.66
EST,Estonia,tfr,2020,1.58
EST,Estonia,tfr,2021,1.61
EST,Estonia,tfr,2022,1.41
EST,Estonia,tfr,2023,1.31
EST,Estonia,tfr,2024,1.18
EST,Estonia,lfp_ratio,1990,76.6336659090617
EST,Estonia,lfp_ratio,1991,75.6659476597625
EST,Estonia,lfp_ratio,1992,74.0286977182526
EST,Estonia,lfp_ratio,1993,74.6113565701195
EST,Estonia,lfp_ratio,1994,74.6898568149525
EST,Estonia,lfp_ratio,1995,74.9326784892076
EST,Estonia,lfp_ratio,1996,75.881677278464
EST,Estonia,lfp_ratio,1997,77.2966813844182
EST,Estonia,lfp_ratio,1998,76.069794628296
EST,Estonia,lfp_ratio,1999,76.9596798102579
EST,Estonia,lfp_ratio,2000,79.0815559098703
EST,Estonia,lfp_ratio,2001,79.7686087370149
EST,Estonia,lfp_ratio,2002,79.6795952782462
EST,Estonia,lfp_ratio,2003,78.6252538166504
EST,Estonia,lfp_ratio,2004,80.888591542871
EST,Estonia,lfp_ratio,2005,82.7257830133259
EST,Estonia,lfp_ratio,2006,81.0198636228876
EST,Estonia,lfp_ratio,2007,79.1406009640037
EST,Estonia,lfp_ratio,2008,79.6858181818182
EST,Estonia,lfp_ratio,2009,80.5221563231247
EST,Estonia,lfp_ratio,2010,82.2330401541058
EST,Estonia,lfp_ratio,2011,81.8595272438256
EST,Estonia,lfp_ratio,2012,81.1833001055471
EST,Estonia,lfp_ratio,2013,81.0441531815186
EST,Estonia,lfp_ratio,2014,79.2824747063612
EST,Estonia,lfp_ratio,2015,80.8466513907823
EST,Estonia,lfp_ratio,2016,80.3399409170698
EST,Estonia,lfp_ratio,2017,80.8389347400664
EST,Estonia,lfp_ratio,2018,81.0175101128681
EST,Estonia,lfp_ratio,2019,82.0725685250125
EST,Estonia,lfp_ratio,2020,81.8418828517813
EST,Estonia,lfp_ratio,2021,83.2857637087009
EST,Estonia,lfp_ratio,2022,84.95267693177
EST,Estonia,lfp_ratio,2023,86.2408001243131
EST,Estonia,lfp_ratio,2024,87.2521649954421
EST,Estonia,lfp_ratio,2025,87.3458514158037
EST,Estonia,tertiary_gpi,2001,1.37590003013611
EST,Estonia,tertiary_gpi,2002,1.4072300195694
EST,Estonia,tertiary_gpi,2003,1.40968000888825
EST,Estonia,tertiary_gpi,2004,1.41277003288269
EST,Estonia,tertiary_gpi,2005,1.40586996078491
EST,Estonia,tertiary_gpi,2006,1.40732002258301
EST,Estonia,tertiary_gpi,2007,1.39696002006531
EST,Estonia,tertiary_gpi,2008,1.4125599861145
EST,Estonia,tertiary_gpi,2009,1.42156994342804
EST,Estonia,tertiary_gpi,2010,1.39988005161285
EST,Estonia,tertiary_gpi,2011,1.36795997619629
EST,Estonia,tertiary_gpi,2012,1.35248994827271
EST,Estonia,tertiary_gpi,2013,1.3359899520874
EST,Estonia,tertiary_gpi,2014,1.33897995948792
EST,Estonia,tertiary_gpi,2015,1.33205997943878
EST,Estonia,tertiary_gpi,2016,1.32819998264313
EST,Estonia,tertiary_gpi,2017,1.3313399553299
EST,Estonia,tertiary_gpi,2018,1.32591998577118
EST,Estonia,tertiary_gpi,2019,1.32676994800568
EST,Estonia,tertiary_gpi,2020,1.33736002445221
EST,Estonia,tertiary_gpi,2021,1.34328997135162
EST,Estonia,tertiary_gpi,2022,1.3450700044632
EST,Estonia,tertiary_gpi,2023,1.33524000644684
EST,Estonia,tertiary_gpi,2024,1.33996999263763
EST,Estonia,gdp_pc,1990,19161.4451588782
EST,Estonia,gdp_pc,1991,17717.3052283857
EST,Estonia,gdp_pc,1992,14223.9075668693
EST,Estonia,gdp_pc,1993,13757.0155625665
EST,Estonia,gdp_pc,1994,13823.5566022429
EST,Estonia,gdp_pc,1995,14709.5998060844
EST,Estonia,gdp_pc,1996,15666.1330451502
EST,Estonia,gdp_pc,1997,17913.7869992626
EST,Estonia,gdp_pc,1998,18871.6196795957
EST,Estonia,gdp_pc,1999,18736.15453395
EST,Estonia,gdp_pc,2000,20526.6606380865
EST,Estonia,gdp_pc,2001,21872.6593953112
EST,Estonia,gdp_pc,2002,23537.7156816601
EST,Estonia,gdp_pc,2003,25485.1613028986
EST,Estonia,gdp_pc,2004,27381.5350626694
EST,Estonia,gdp_pc,2005,30161.1996133966
EST,Estonia,gdp_pc,2006,33301.4945486206
EST,Estonia,gdp_pc,2007,35986.5161332684
EST,Estonia,gdp_pc,2008,34233.7643806167
EST,Estonia,gdp_pc,2009,29281.6798284656
EST,Estonia,gdp_pc,2010,30067.501040775
EST,Estonia,gdp_pc,2011,32453.1008476709
EST,Estonia,gdp_pc,2012,33765.4302075072
EST,Estonia,gdp_pc,2013,34481.0148921506
EST,Estonia,gdp_pc,2014,35720.3025335234
EST,Estonia,gdp_pc,2015,36353.0580520449
EST,Estonia,gdp_pc,2016,37466.5561839318
EST,Estonia,gdp_pc,2017,39529.785973279
EST,Estonia,gdp_pc,2018,40849.8473475564
EST,Estonia,gdp_pc,2019,42215.0343835811
EST,Estonia,gdp_pc,2020,40916.7194113327
EST,Estonia,gdp_pc,2021,44247.4198971873
EST,Estonia,gdp_pc,2022,43124.6196563775
EST,Estonia,gdp_pc,2023,41284.7746875532
EST,Estonia,gdp_pc,2024,41185.8348356109
EST,Estonia,gdp_pc,2025,41604.3226612806
FIN,Finland,tfr,1960,2.72
FIN,Finland,tfr,1961,2.72
FIN,Finland,tfr,1962,2.68
FIN,Finland,tfr,1963,2.68
FIN,Finland,tfr,1964,2.59
FIN,Finland,tfr,1965,2.48
FIN,Finland,tfr,1966,2.41
FIN,Finland,tfr,1967,2.32
FIN,Finland,tfr,1968,2.14
FIN,Finland,tfr,1969,1.93
FIN,Finland,tfr,1970,1.83
FIN,Finland,tfr,1971,1.68
FIN,Finland,tfr,1972,1.58
FIN,Finland,tfr,1973,1.49
FIN,Finland,tfr,1974,1.61
FIN,Finland,tfr,1975,1.68
FIN,Finland,tfr,1976,1.7
FIN,Finland,tfr,1977,1.68
FIN,Finland,tfr,1978,1.64
FIN,Finland,tfr,1979,1.64
FIN,Finland,tfr,1980,1.63
FIN,Finland,tfr,1981,1.64
FIN,Finland,tfr,1982,1.71
FIN,Finland,tfr,1983,1.74
FIN,Finland,tfr,1984,1.69
FIN,Finland,tfr,1985,1.64
FIN,Finland,tfr,1986,1.6
FIN,Finland,tfr,1987,1.59
FIN,Finland,tfr,1988,1.69
FIN,Finland,tfr,1989,1.71
FIN,Finland,tfr,1990,1.78
FIN,Finland,tfr,1991,1.79
FIN,Finland,tfr,1992,1.85
FIN,Finland,tfr,1993,1.81
FIN,Finland,tfr,1994,1.85
FIN,Finland,tfr,1995,1.81
FIN,Finland,tfr,1996,1.78
FIN,Finland,tfr,1997,1.75
FIN,Finland,tfr,1998,1.7
FIN,Finland,tfr,1999,1.73
FIN,Finland,tfr,2000,1.73
FIN,Finland,tfr,2001,1.73
FIN,Finland,tfr,2002,1.72
FIN,Finland,tfr,2003,1.76
FIN,Finland,tfr,2004,1.8
FIN,Finland,tfr,2005,1.8
FIN,Finland,tfr,2006,1.84
FIN,Finland,tfr,2007,1.83
FIN,Finland,tfr,2008,1.85
FIN,Finland,tfr,2009,1.86
FIN,Finland,tfr,2010,1.87
FIN,Finland,tfr,2011,1.83
FIN,Finland,tfr,2012,1.8
FIN,Finland,tfr,2013,1.75
FIN,Finland,tfr,2014,1.71
FIN,Finland,tfr,2015,1.65
FIN,Finland,tfr,2016,1.57
FIN,Finland,tfr,2017,1.49
FIN,Finland,tfr,2018,1.41
FIN,Finland,tfr,2019,1.35
FIN,Finland,tfr,2020,1.37
FIN,Finland,tfr,2021,1.46
FIN,Finland,tfr,2022,1.32
FIN,Finland,tfr,2023,1.26
FIN,Finland,tfr,2024,1.25
FIN,Finland,lfp_ratio,1990,82.122897202807
FIN,Finland,lfp_ratio,1991,82.0301332265996
FIN,Finland,lfp_ratio,1992,82.0400473206853
FIN,Finland,lfp_ratio,1993,82.0335271575895
FIN,Finland,lfp_ratio,1994,81.9484798562229
FIN,Finland,lfp_ratio,1995,83.8006565021321
FIN,Finland,lfp_ratio,1996,84.8827620544258
FIN,Finland,lfp_ratio,1997,83.4382794913914
FIN,Finland,lfp_ratio,1998,83.8685108457226
FIN,Finland,lfp_ratio,1999,85.1430817372375
FIN,Finland,lfp_ratio,2000,84.9517916679182
FIN,Finland,lfp_ratio,2001,85.6538317757009
FIN,Finland,lfp_ratio,2002,86.4210463306596
FIN,Finland,lfp_ratio,2003,86.1050933050455
FIN,Finland,lfp_ratio,2004,86.7259169993221
FIN,Finland,lfp_ratio,2005,87.4357278167003
FIN,Finland,lfp_ratio,2006,87.7842148822511
FIN,Finland,lfp_ratio,2007,88.0104390543445
FIN,Finland,lfp_ratio,2008,87.3126265008903
FIN,Finland,lfp_ratio,2009,88.6997894080025
FIN,Finland,lfp_ratio,2010,87.6174196684806
FIN,Finland,lfp_ratio,2011,86.9422132106371
FIN,Finland,lfp_ratio,2012,87.9708364827412
FIN,Finland,lfp_ratio,2013,88.4361969634274
FIN,Finland,lfp_ratio,2014,88.689473768625
FIN,Finland,lfp_ratio,2015,88.968640107905
FIN,Finland,lfp_ratio,2016,88.2961297575076
FIN,Finland,lfp_ratio,2017,88.0981732601143
FIN,Finland,lfp_ratio,2018,88.281547241598
FIN,Finland,lfp_ratio,2019,88.6181320430381
FIN,Finland,lfp_ratio,2020,88.0531750211455
FIN,Finland,lfp_ratio,2021,87.731379807994
FIN,Finland,lfp_ratio,2022,89.9166261049789
FIN,Finland,lfp_ratio,2023,91.021215959468
FIN,Finland,lfp_ratio,2024,89.7341293091162
FIN,Finland,lfp_ratio,2025,89.702753342437
FIN,Finland,tertiary_gpi,2001,1.17823004722595
FIN,Finland,tertiary_gpi,2002,1.18918001651764
FIN,Finland,tertiary_gpi,2003,1.16857004165649
FIN,Finland,tertiary_gpi,2004,1.16614997386932
FIN,Finland,tertiary_gpi,2005,1.17048001289368
FIN,Finland,tertiary_gpi,2006,1.18336999416351
FIN,Finland,tertiary_gpi,2007,1.18623995780945
FIN,Finland,tertiary_gpi,2008,1.19249999523163
FIN,Finland,tertiary_gpi,2009,1.18675005435944
FIN,Finland,tertiary_gpi,2010,1.18181002140045
FIN,Finland,tertiary_gpi,2011,1.18580996990204
FIN,Finland,tertiary_gpi,2012,1.17537999153137
FIN,Finland,tertiary_gpi,2013,1.17451000213623
FIN,Finland,tertiary_gpi,2014,1.17227005958557
FIN,Finland,tertiary_gpi,2015,1.17013001441956
FIN,Finland,tertiary_gpi,2016,1.16276001930237
FIN,Finland,tertiary_gpi,2017,1.15916001796722
FIN,Finland,tertiary_gpi,2018,1.16006004810333
FIN,Finland,tertiary_gpi,2019,1.17170000076294
FIN,Finland,tertiary_gpi,2020,1.19628000259399
FIN,Finland,tertiary_gpi,2021,1.20285999774933
FIN,Finland,tertiary_gpi,2022,1.22125995159149
FIN,Finland,tertiary_gpi,2023,1.23632001876831
FIN,Finland,tertiary_gpi,2024,1.24652004241943
FIN,Finland,gdp_pc,1990,38807.1185244347
FIN,Finland,gdp_pc,1991,36326.0828945358
FIN,Finland,gdp_pc,1992,34926.3833591341
FIN,Finland,gdp_pc,1993,34486.7522555352
FIN,Finland,gdp_pc,1994,35699.7203086225
FIN,Finland,gdp_pc,1995,37069.62898136
FIN,Finland,gdp_pc,1996,38301.5126175582
FIN,Finland,gdp_pc,1997,40630.921767316
FIN,Finland,gdp_pc,1998,42733.4455712897
FIN,Finland,gdp_pc,1999,44505.7114770222
FIN,Finland,gdp_pc,2000,46968.841714507
FIN,Finland,gdp_pc,2001,48099.3014282794
FIN,Finland,gdp_pc,2002,48792.4864789775
FIN,Finland,gdp_pc,2003,49655.5451564067
FIN,Finland,gdp_pc,2004,51494.705860401
FIN,Finland,gdp_pc,2005,52744.048034135
FIN,Finland,gdp_pc,2006,54653.981203281
FIN,Finland,gdp_pc,2007,57313.2916474478
FIN,Finland,gdp_pc,2008,57494.585352886
FIN,Finland,gdp_pc,2009,52599.1487066911
FIN,Finland,gdp_pc,2010,54017.9458623339
FIN,Finland,gdp_pc,2011,55053.3906850323
FIN,Finland,gdp_pc,2012,53957.6680986279
FIN,Finland,gdp_pc,2013,53183.4286685126
FIN,Finland,gdp_pc,2014,52710.7334867778
FIN,Finland,gdp_pc,2015,52782.4873926277
FIN,Finland,gdp_pc,2016,53984.6316254715
FIN,Finland,gdp_pc,2017,55637.2262781223
FIN,Finland,gdp_pc,2018,56226.337241343
FIN,Finland,gdp_pc,2019,56922.4873163103
FIN,Finland,gdp_pc,2020,55424.8574989208
FIN,Finland,gdp_pc,2021,56790.3766177692
FIN,Finland,gdp_pc,2022,57068.3056478074
FIN,Finland,gdp_pc,2023,56051.7701129501
FIN,Finland,gdp_pc,2024,55901.3202296588
FIN,Finland,gdp_pc,2025,55735.2174921326
FRA,France,tfr,1960,2.85
FRA,France,tfr,1961,2.87
FRA,France,tfr,1962,2.89
FRA,France,tfr,1963,2.89
FRA,France,tfr,1964,2.87
FRA,France,tfr,1965,2.84
FRA,France,tfr,1966,2.8
FRA,France,tfr,1967,2.75
FRA,France,tfr,1968,2.69
FRA,France,tfr,1969,2.62
FRA,France,tfr,1970,2.55
FRA,France,tfr,1971,2.47
FRA,France,tfr,1972,2.38
FRA,France,tfr,1973,2.28
FRA,France,tfr,1974,2.18
FRA,France,tfr,1975,2.09
FRA,France,tfr,1976,2.01
FRA,France,tfr,1977,1.94
FRA,France,tfr,1978,1.89
FRA,France,tfr,1979,1.87
FRA,France,tfr,1980,1.85
FRA,France,tfr,1981,1.85
FRA,France,tfr,1982,1.86
FRA,France,tfr,1983,1.86
FRA,France,tfr,1984,1.86
FRA,France,tfr,1985,1.86
FRA,France,tfr,1986,1.85
FRA,France,tfr,1987,1.83
FRA,France,tfr,1988,1.81
FRA,France,tfr,1989,1.79
FRA,France,tfr,1990,1.77
FRA,France,tfr,1991,1.75
FRA,France,tfr,1992,1.74
FRA,France,tfr,1993,1.73
FRA,France,tfr,1994,1.73
FRA,France,tfr,1995,1.74
FRA,France,tfr,1996,1.75
FRA,France,tfr,1997,1.77
FRA,France,tfr,1998,1.78
FRA,France,tfr,1999,1.81
FRA,France,tfr,2000,1.89
FRA,France,tfr,2001,1.9
FRA,France,tfr,2002,1.88
FRA,France,tfr,2003,1.89
FRA,France,tfr,2004,1.92
FRA,France,tfr,2005,1.94
FRA,France,tfr,2006,2.0
FRA,France,tfr,2007,1.98
FRA,France,tfr,2008,2.01
FRA,France,tfr,2009,2.0
FRA,France,tfr,2010,2.03
FRA,France,tfr,2011,2.01
FRA,France,tfr,2012,2.01
FRA,France,tfr,2013,1.99
FRA,France,tfr,2014,2.0
FRA,France,tfr,2015,1.96
FRA,France,tfr,2016,1.92
FRA,France,tfr,2017,1.89
FRA,France,tfr,2018,1.87
FRA,France,tfr,2019,1.86
FRA,France,tfr,2020,1.82
FRA,France,tfr,2021,1.83
FRA,France,tfr,2022,1.78
FRA,France,tfr,2023,1.66
FRA,France,tfr,2024,1.61
FRA,France,lfp_ratio,1990,70.806894447834
FRA,France,lfp_ratio,1991,72.2388941582573
FRA,France,lfp_ratio,1992,72.9936901145127
FRA,France,lfp_ratio,1993,74.206654222027
FRA,France,lfp_ratio,1994,74.9530231015806
FRA,France,lfp_ratio,1995,75.8658472678767
FRA,France,lfp_ratio,1996,76.1864071524646
FRA,France,lfp_ratio,1997,75.9837004966255
FRA,France,lfp_ratio,1998,76.7452257776075
FRA,France,lfp_ratio,1999,77.0781297230221
FRA,France,lfp_ratio,2000,77.4478202591434
FRA,France,lfp_ratio,2001,77.2825409010219
FRA,France,lfp_ratio,2002,77.178113123539
FRA,France,lfp_ratio,2003,79.1772796739684
FRA,France,lfp_ratio,2004,79.0806724297426
FRA,France,lfp_ratio,2005,80.3593467006459
FRA,France,lfp_ratio,2006,80.8319922755069
FRA,France,lfp_ratio,2007,81.618832634634
FRA,France,lfp_ratio,2008,81.7964921330926
FRA,France,lfp_ratio,2009,82.2978613676288
FRA,France,lfp_ratio,2010,82.6144615334854
FRA,France,lfp_ratio,2011,82.8957849049856
FRA,France,lfp_ratio,2012,82.9353636805443
FRA,France,lfp_ratio,2013,83.1922964692151
FRA,France,lfp_ratio,2014,83.6797296632273
FRA,France,lfp_ratio,2015,83.9129862003096
FRA,France,lfp_ratio,2016,84.1570224672594
FRA,France,lfp_ratio,2017,83.9246046218627
FRA,France,lfp_ratio,2018,84.3999667801678
FRA,France,lfp_ratio,2019,84.8348222516468
FRA,France,lfp_ratio,2020,85.0033967391304
FRA,France,lfp_ratio,2021,86.2123692739483
FRA,France,lfp_ratio,2022,86.196752372563
FRA,France,lfp_ratio,2023,86.687739144901
FRA,France,lfp_ratio,2024,86.4381594764258
FRA,France,lfp_ratio,2025,86.448362720403
FRA,France,tertiary_gpi,2001,1.1692099571228
FRA,France,tertiary_gpi,2002,1.18769001960754
FRA,France,tertiary_gpi,2003,1.19310998916626
FRA,France,tertiary_gpi,2004,1.1939799785614
FRA,France,tertiary_gpi,2005,1.20218002796173
FRA,France,tertiary_gpi,2006,1.20964002609253
FRA,France,tertiary_gpi,2007,1.2119300365448
FRA,France,tertiary_gpi,2008,1.20974004268646
FRA,France,tertiary_gpi,2009,1.21283996105194
FRA,France,tertiary_gpi,2010,1.20472002029419
FRA,France,tertiary_gpi,2011,1.20175004005432
FRA,France,tertiary_gpi,2012,1.20361995697022
FRA,France,tertiary_gpi,2013,1.19668996334076
FRA,France,tertiary_gpi,2014,1.19544005393982
FRA,France,tertiary_gpi,2015,1.19532001018524
FRA,France,tertiary_gpi,2016,1.19184005260468
FRA,France,tertiary_gpi,2017,1.19454002380371
FRA,France,tertiary_gpi,2018,1.19896996021271
FRA,France,tertiary_gpi,2019,1.20405995845795
FRA,France,tertiary_gpi,2020,1.22032999992371
FRA,France,tertiary_gpi,2021,1.22686994075775
FRA,France,tertiary_gpi,2022,1.23812997341156
FRA,France,tertiary_gpi,2023,1.24346005916596
FRA,France,tertiary_gpi,2024,1.24828994274139
FRA,France,gdp_pc,1990,38655.8856842914
FRA,France,gdp_pc,1991,38937.9522513749
FRA,France,gdp_pc,1992,39331.9041920718
FRA,France,gdp_pc,1993,39020.6141584284
FRA,France,gdp_pc,1994,39801.3888979817
FRA,France,gdp_pc,1995,40570.7169560557
FRA,France,gdp_pc,1996,40990.7395148125
FRA,France,gdp_pc,1997,41876.9330265158
FRA,France,gdp_pc,1998,43162.5423856938
FRA,France,gdp_pc,1999,44400.1357889191
FRA,France,gdp_pc,2000,45922.4789363701
FRA,France,gdp_pc,2001,46454.8706927365
FRA,France,gdp_pc,2002,46610.7820717214
FRA,France,gdp_pc,2003,46730.975806379
FRA,France,gdp_pc,2004,47720.4413351103
FRA,France,gdp_pc,2005,48257.4650937971
FRA,France,gdp_pc,2006,49223.247197008
FRA,France,gdp_pc,2007,50157.7837477634
FRA,France,gdp_pc,2008,50068.2969141379
FRA,France,gdp_pc,2009,48404.9657826363
FRA,France,gdp_pc,2010,49130.422942344
FRA,France,gdp_pc,2011,50085.6829779109
FRA,France,gdp_pc,2012,49935.6269081617
FRA,France,gdp_pc,2013,50066.5304324783
FRA,France,gdp_pc,2014,50326.567863089
FRA,France,gdp_pc,2015,50682.8953586333
FRA,France,gdp_pc,2016,50984.075297832
FRA,France,gdp_pc,2017,51895.5662985838
FRA,France,gdp_pc,2018,52560.9536243841
FRA,France,gdp_pc,2019,53448.5548849943
FRA,France,gdp_pc,2020,49311.333409639
FRA,France,gdp_pc,2021,52517.3354905855
FRA,France,gdp_pc,2022,53673.8137406422
FRA,France,gdp_pc,2023,54296.7230897731
FRA,France,gdp_pc,2024,54799.3482689389
FRA,France,gdp_pc,2025,55124.5392564395
DEU,Germany,tfr,1960,2.37
DEU,Germany,tfr,1961,2.45
DEU,Germany,tfr,1962,2.44
DEU,Germany,tfr,1963,2.51
DEU,Germany,tfr,1964,2.54
DEU,Germany,tfr,1965,2.5
DEU,Germany,tfr,1966,2.53
DEU,Germany,tfr,1967,2.48
DEU,Germany,tfr,1968,2.38
DEU,Germany,tfr,1969,2.21
DEU,Germany,tfr,1970,2.03
DEU,Germany,tfr,1971,1.92
DEU,Germany,tfr,1972,1.71
DEU,Germany,tfr,1973,1.54
DEU,Germany,tfr,1974,1.51
DEU,Germany,tfr,1975,1.45
DEU,Germany,tfr,1976,1.45
DEU,Germany,tfr,1977,1.4
DEU,Germany,tfr,1978,1.38
DEU,Germany,tfr,1979,1.38
DEU,Germany,tfr,1980,1.44
DEU,Germany,tfr,1981,1.43
DEU,Germany,tfr,1982,1.41
DEU,Germany,tfr,1983,1.33
DEU,Germany,tfr,1984,1.29
DEU,Germany,tfr,1985,1.37
DEU,Germany,tfr,1986,1.43
DEU,Germany,tfr,1987,1.43
DEU,Germany,tfr,1988,1.46
DEU,Germany,tfr,1989,1.42
DEU,Germany,tfr,1990,1.45
DEU,Germany,tfr,1991,1.33
DEU,Germany,tfr,1992,1.29
DEU,Germany,tfr,1993,1.28
DEU,Germany,tfr,1994,1.24
DEU,Germany,tfr,1995,1.25
DEU,Germany,tfr,1996,1.3
DEU,Germany,tfr,1997,1.35
DEU,Germany,tfr,1998,1.36
DEU,Germany,tfr,1999,1.36
DEU,Germany,tfr,2000,1.38
DEU,Germany,tfr,2001,1.35
DEU,Germany,tfr,2002,1.34
DEU,Germany,tfr,2003,1.34
DEU,Germany,tfr,2004,1.36
DEU,Germany,tfr,2005,1.34
DEU,Germany,tfr,2006,1.33
DEU,Germany,tfr,2007,1.37
DEU,Germany,tfr,2008,1.38
DEU,Germany,tfr,2009,1.36
DEU,Germany,tfr,2010,1.39
DEU,Germany,tfr,2011,1.39
DEU,Germany,tfr,2012,1.41
DEU,Germany,tfr,2013,1.42
DEU,Germany,tfr,2014,1.47
DEU,Germany,tfr,2015,1.5
DEU,Germany,tfr,2016,1.6
DEU,Germany,tfr,2017,1.57
DEU,Germany,tfr,2018,1.57
DEU,Germany,tfr,2019,1.54
DEU,Germany,tfr,2020,1.53
DEU,Germany,tfr,2021,1.58
DEU,Germany,tfr,2022,1.455
DEU,Germany,tfr,2023,1.39
DEU,Germany,tfr,2024,1.36
DEU,Germany,lfp_ratio,1990,62.3591782637508
DEU,Germany,lfp_ratio,1991,66.2060197341146
DEU,Germany,lfp_ratio,1992,67.0668761220826
DEU,Germany,lfp_ratio,1993,67.3199370364593
DEU,Germany,lfp_ratio,1994,68.3135189008329
DEU,Germany,lfp_ratio,1995,68.8437293111885
DEU,Germany,lfp_ratio,1996,69.4129763130793
DEU,Germany,lfp_ratio,1997,70.1980025548717
DEU,Germany,lfp_ratio,1998,70.788729107721
DEU,Germany,lfp_ratio,1999,71.80875980794
DEU,Germany,lfp_ratio,2000,72.4298996349016
DEU,Germany,lfp_ratio,2001,73.5512430692184
DEU,Germany,lfp_ratio,2002,74.4343857436683
DEU,Germany,lfp_ratio,2003,75.4012550534001
DEU,Germany,lfp_ratio,2004,75.6566839551615
DEU,Germany,lfp_ratio,2005,76.1754496686652
DEU,Germany,lfp_ratio,2006,77.5261376231988
DEU,Germany,lfp_ratio,2007,78.6508390828839
DEU,Germany,lfp_ratio,2008,78.0176746837912
DEU,Germany,lfp_ratio,2009,79.4348508634223
DEU,Germany,lfp_ratio,2010,78.907599633463
DEU,Germany,lfp_ratio,2011,80.8751562241195
DEU,Germany,lfp_ratio,2012,80.5691471797796
DEU,Germany,lfp_ratio,2013,81.2442845363916
DEU,Germany,lfp_ratio,2014,81.7862398270218
DEU,Germany,lfp_ratio,2015,82.1639324469129
DEU,Germany,lfp_ratio,2016,82.747791952895
DEU,Germany,lfp_ratio,2017,83.0454100459372
DEU,Germany,lfp_ratio,2018,82.7453390084527
DEU,Germany,lfp_ratio,2019,83.0003426749505
DEU,Germany,lfp_ratio,2020,83.4425956486851
DEU,Germany,lfp_ratio,2021,83.3858745074265
DEU,Germany,lfp_ratio,2022,83.7210003467145
DEU,Germany,lfp_ratio,2023,83.9678695527911
DEU,Germany,lfp_ratio,2024,83.7403270000903
DEU,Germany,lfp_ratio,2025,83.701214158113
DEU,Germany,tertiary_gpi,2013,0.931500017642975
DEU,Germany,tertiary_gpi,2014,0.946879982948303
DEU,Germany,tertiary_gpi,2015,0.976199984550476
DEU,Germany,tertiary_gpi,2016,1.02540004253387
DEU,Germany,tertiary_gpi,2017,1.04077994823456
DEU,Germany,tertiary_gpi,2018,1.05297005176544
DEU,Germany,tertiary_gpi,2019,1.03829002380371
DEU,Germany,tertiary_gpi,2020,1.06132996082306
DEU,Germany,tertiary_gpi,2021,1.07568001747131
DEU,Germany,tertiary_gpi,2022,1.08142995834351
DEU,Germany,tertiary_gpi,2023,1.08463001251221
DEU,Germany,tertiary_gpi,2024,1.09973001480102
DEU,Germany,gdp_pc,1990,42355.2860956177
DEU,Germany,gdp_pc,1991,44195.7164731544
DEU,Germany,gdp_pc,1992,44744.1399691155
DEU,Germany,gdp_pc,1993,44018.4380932542
DEU,Germany,gdp_pc,1994,45005.1589836478
DEU,Germany,gdp_pc,1995,45548.4181139802
DEU,Germany,gdp_pc,1996,45888.1269604813
DEU,Germany,gdp_pc,1997,46670.7053500672
DEU,Germany,gdp_pc,1998,47641.5271845024
DEU,Germany,gdp_pc,1999,48624.6484373602
DEU,Germany,gdp_pc,2000,49955.6461286496
DEU,Germany,gdp_pc,2001,50687.6500447924
DEU,Germany,gdp_pc,2002,50486.998248551
DEU,Germany,gdp_pc,2003,50191.7219389611
DEU,Germany,gdp_pc,2004,50786.0176463275
DEU,Germany,gdp_pc,2005,51264.8193748941
DEU,Germany,gdp_pc,2006,53307.1623767517
DEU,Germany,gdp_pc,2007,54920.6589299724
DEU,Germany,gdp_pc,2008,55513.7558858315
DEU,Germany,gdp_pc,2009,52568.797424995
DEU,Germany,gdp_pc,2010,54826.255453315
DEU,Germany,gdp_pc,2011,57950.9589729677
DEU,Germany,gdp_pc,2012,58110.3768512245
DEU,Germany,gdp_pc,2013,58182.0766176953
DEU,Germany,gdp_pc,2014,59203.2340879963
DEU,Germany,gdp_pc,2015,59668.9890355282
DEU,Germany,gdp_pc,2016,60504.5857417161
DEU,Germany,gdp_pc,2017,61965.4342904965
DEU,Germany,gdp_pc,2018,62481.1183971045
DEU,Germany,gdp_pc,2019,62949.8932511855
DEU,Germany,gdp_pc,2020,60299.5767710809
DEU,Germany,gdp_pc,2021,62630.7748127737
DEU,Germany,gdp_pc,2022,63777.9291029299
DEU,Germany,gdp_pc,2023,63140.1949099669
DEU,Germany,gdp_pc,2024,62654.602264023
DEU,Germany,gdp_pc,2025,62823.7736648822
GRC,Greece,tfr,1960,2.23
GRC,Greece,tfr,1961,2.13
GRC,Greece,tfr,1962,2.16
GRC,Greece,tfr,1963,2.14
GRC,Greece,tfr,1964,2.24
GRC,Greece,tfr,1965,2.25
GRC,Greece,tfr,1966,2.32
GRC,Greece,tfr,1967,2.45
GRC,Greece,tfr,1968,2.42
GRC,Greece,tfr,1969,2.36
GRC,Greece,tfr,1970,2.4
GRC,Greece,tfr,1971,2.32
GRC,Greece,tfr,1972,2.32
GRC,Greece,tfr,1973,2.27
GRC,Greece,tfr,1974,2.38
GRC,Greece,tfr,1975,2.33
GRC,Greece,tfr,1976,2.35
GRC,Greece,tfr,1977,2.27
GRC,Greece,tfr,1978,2.28
GRC,Greece,tfr,1979,2.26
GRC,Greece,tfr,1980,2.23
GRC,Greece,tfr,1981,2.09
GRC,Greece,tfr,1982,2.03
GRC,Greece,tfr,1983,1.94
GRC,Greece,tfr,1984,1.83
GRC,Greece,tfr,1985,1.67
GRC,Greece,tfr,1986,1.6
GRC,Greece,tfr,1987,1.5
GRC,Greece,tfr,1988,1.5
GRC,Greece,tfr,1989,1.4
GRC,Greece,tfr,1990,1.39
GRC,Greece,tfr,1991,1.37
GRC,Greece,tfr,1992,1.36
GRC,Greece,tfr,1993,1.32
GRC,Greece,tfr,1994,1.33
GRC,Greece,tfr,1995,1.28
GRC,Greece,tfr,1996,1.26
GRC,Greece,tfr,1997,1.27
GRC,Greece,tfr,1998,1.24
GRC,Greece,tfr,1999,1.23
GRC,Greece,tfr,2000,1.25
GRC,Greece,tfr,2001,1.25
GRC,Greece,tfr,2002,1.28
GRC,Greece,tfr,2003,1.29
GRC,Greece,tfr,2004,1.31
GRC,Greece,tfr,2005,1.34
GRC,Greece,tfr,2006,1.4
GRC,Greece,tfr,2007,1.41
GRC,Greece,tfr,2008,1.5
GRC,Greece,tfr,2009,1.5
GRC,Greece,tfr,2010,1.48
GRC,Greece,tfr,2011,1.4
GRC,Greece,tfr,2012,1.34
GRC,Greece,tfr,2013,1.29
GRC,Greece,tfr,2014,1.3
GRC,Greece,tfr,2015,1.33
GRC,Greece,tfr,2016,1.38
GRC,Greece,tfr,2017,1.35
GRC,Greece,tfr,2018,1.35
GRC,Greece,tfr,2019,1.34
GRC,Greece,tfr,2020,1.39
GRC,Greece,tfr,2021,1.43
GRC,Greece,tfr,2022,1.32
GRC,Greece,tfr,2023,1.26
GRC,Greece,tfr,2024,1.24
GRC,Greece,lfp_ratio,1990,53.5113078567772
GRC,Greece,lfp_ratio,1991,50.8413553219729
GRC,Greece,lfp_ratio,1992,52.7316566963741
GRC,Greece,lfp_ratio,1993,53.3330264248228
GRC,Greece,lfp_ratio,1994,54.0314088182775
GRC,Greece,lfp_ratio,1995,55.0158943636141
GRC,Greece,lfp_ratio,1996,57.0281616768302
GRC,Greece,lfp_ratio,1997,57.4689565700871
GRC,Greece,lfp_ratio,1998,59.9867826514616
GRC,Greece,lfp_ratio,1999,61.5771759793076
GRC,Greece,lfp_ratio,2000,61.7673749100354
GRC,Greece,lfp_ratio,2001,61.2790936852265
GRC,Greece,lfp_ratio,2002,62.1085594989562
GRC,Greece,lfp_ratio,2003,62.8532231613473
GRC,Greece,lfp_ratio,2004,64.6761309026738
GRC,Greece,lfp_ratio,2005,64.9408912745762
GRC,Greece,lfp_ratio,2006,65.2904622916863
GRC,Greece,lfp_ratio,2007,65.2665691317822
GRC,Greece,lfp_ratio,2008,65.2321417352516
GRC,Greece,lfp_ratio,2009,67.1101163267236
GRC,Greece,lfp_ratio,2010,68.4848388834321
GRC,Greece,lfp_ratio,2011,69.6937339222443
GRC,Greece,lfp_ratio,2012,71.1138431276125
GRC,Greece,lfp_ratio,2013,71.2150704364752
GRC,Greece,lfp_ratio,2014,73.0053013018387
GRC,Greece,lfp_ratio,2015,74.5832768667841
GRC,Greece,lfp_ratio,2016,74.9044391213496
GRC,Greece,lfp_ratio,2017,74.4374055265884
GRC,Greece,lfp_ratio,2018,73.6784010053153
GRC,Greece,lfp_ratio,2019,73.9551642673828
GRC,Greece,lfp_ratio,2020,73.6492776609316
GRC,Greece,lfp_ratio,2021,74.5905031207973
GRC,Greece,lfp_ratio,2022,74.1823951895774
GRC,Greece,lfp_ratio,2023,74.9597044996642
GRC,Greece,lfp_ratio,2024,74.7298889681842
GRC,Greece,lfp_ratio,2025,74.6224271585138
GRC,Greece,tertiary_gpi,2000,1.05699002742767
GRC,Greece,tertiary_gpi,2001,1.10263001918793
GRC,Greece,tertiary_gpi,2002,1.13156998157501
GRC,Greece,tertiary_gpi,2003,1.12565994262695
GRC,Greece,tertiary_gpi,2004,1.15703999996185
GRC,Greece,tertiary_gpi,2005,1.13438999652863
GRC,Greece,tertiary_gpi,2006,1.11910998821259
GRC,Greece,tertiary_gpi,2007,1.08826994895935
GRC,Greece,tertiary_gpi,2010,1.04237997531891
GRC,Greece,tertiary_gpi,2011,1.02215003967285
GRC,Greece,tertiary_gpi,2012,1.01043999195099
GRC,Greece,tertiary_gpi,2013,0.993239998817444
GRC,Greece,tertiary_gpi,2014,0.98786997795105
GRC,Greece,tertiary_gpi,2016,0.972940027713776
GRC,Greece,tertiary_gpi,2017,0.988829970359802
GRC,Greece,tertiary_gpi,2018,1.00592994689941
GRC,Greece,tertiary_gpi,2019,1.05113995075226
GRC,Greece,tertiary_gpi,2020,1.07237994670868
GRC,Greece,tertiary_gpi,2021,1.07597005367279
GRC,Greece,tertiary_gpi,2022,1.06050002574921
GRC,Greece,tertiary_gpi,2023,1.0673600435257
GRC,Greece,gdp_pc,1990,26916.3125225704
GRC,Greece,gdp_pc,1991,27419.6029332234
GRC,Greece,gdp_pc,1992,27401.424003405
GRC,Greece,gdp_pc,1993,26804.8537616148
GRC,Greece,gdp_pc,1994,27204.3958682198
GRC,Greece,gdp_pc,1995,27646.1476383588
GRC,Greece,gdp_pc,1996,27905.1065690594
GRC,Greece,gdp_pc,1997,28768.2401472217
GRC,Greece,gdp_pc,1998,29592.525483114
GRC,Greece,gdp_pc,1999,30263.0543705003
GRC,Greece,gdp_pc,2000,31386.639783624
GRC,Greece,gdp_pc,2001,32675.9292327768
GRC,Greece,gdp_pc,2002,34081.0289759343
GRC,Greece,gdp_pc,2003,35970.7016808475
GRC,Greece,gdp_pc,2004,37811.4913664483
GRC,Greece,gdp_pc,2005,38146.962971083
GRC,Greece,gdp_pc,2006,40483.1569225337
GRC,Greece,gdp_pc,2007,41796.2336918303
GRC,Greece,gdp_pc,2008,41709.3877420312
GRC,Greece,gdp_pc,2009,39886.2135496664
GRC,Greece,gdp_pc,2010,37566.7483686263
GRC,Greece,gdp_pc,2011,33906.4917435676
GRC,Greece,gdp_pc,2012,31250.2268565956
GRC,Greece,gdp_pc,2013,30762.4432227813
GRC,Greece,gdp_pc,2014,31213.3765120298
GRC,Greece,gdp_pc,2015,31347.976574604
GRC,Greece,gdp_pc,2016,31468.6198471099
GRC,Greece,gdp_pc,2017,31995.4108838386
GRC,Greece,gdp_pc,2018,32722.3310444029
GRC,Greece,gdp_pc,2019,33502.7506488997
GRC,Greece,gdp_pc,2020,30487.1129331045
GRC,Greece,gdp_pc,2021,33528.2271202515
GRC,Greece,gdp_pc,2022,35828.1756641776
GRC,Greece,gdp_pc,2023,36700.5134631055
GRC,Greece,gdp_pc,2024,37474.2798239947
GRC,Greece,gdp_pc,2025,38218.721628616
HUN,Hungary,tfr,1960,2.02
HUN,Hungary,tfr,1961,1.94
HUN,Hungary,tfr,1962,1.79
HUN,Hungary,tfr,1963,1.82
HUN,Hungary,tfr,1964,1.82
HUN,Hungary,tfr,1965,1.82
HUN,Hungary,tfr,1966,1.89
HUN,Hungary,tfr,1967,2.01
HUN,Hungary,tfr,1968,2.06
HUN,Hungary,tfr,1969,2.04
HUN,Hungary,tfr,1970,1.98
HUN,Hungary,tfr,1971,1.93
HUN,Hungary,tfr,1972,1.93
HUN,Hungary,tfr,1973,1.93
HUN,Hungary,tfr,1974,2.27
HUN,Hungary,tfr,1975,2.35
HUN,Hungary,tfr,1976,2.23
HUN,Hungary,tfr,1977,2.15
HUN,Hungary,tfr,1978,2.06
HUN,Hungary,tfr,1979,2.01
HUN,Hungary,tfr,1980,1.91
HUN,Hungary,tfr,1981,1.88
HUN,Hungary,tfr,1982,1.8
HUN,Hungary,tfr,1983,1.75
HUN,Hungary,tfr,1984,1.75
HUN,Hungary,tfr,1985,1.85
HUN,Hungary,tfr,1986,1.84
HUN,Hungary,tfr,1987,1.82
HUN,Hungary,tfr,1988,1.81
HUN,Hungary,tfr,1989,1.82
HUN,Hungary,tfr,1990,1.87
HUN,Hungary,tfr,1991,1.87
HUN,Hungary,tfr,1992,1.77
HUN,Hungary,tfr,1993,1.68
HUN,Hungary,tfr,1994,1.64
HUN,Hungary,tfr,1995,1.57
HUN,Hungary,tfr,1996,1.46
HUN,Hungary,tfr,1997,1.37
HUN,Hungary,tfr,1998,1.32
HUN,Hungary,tfr,1999,1.28
HUN,Hungary,tfr,2000,1.32
HUN,Hungary,tfr,2001,1.31
HUN,Hungary,tfr,2002,1.3
HUN,Hungary,tfr,2003,1.27
HUN,Hungary,tfr,2004,1.28
HUN,Hungary,tfr,2005,1.31
HUN,Hungary,tfr,2006,1.34
HUN,Hungary,tfr,2007,1.32
HUN,Hungary,tfr,2008,1.35
HUN,Hungary,tfr,2009,1.32
HUN,Hungary,tfr,2010,1.25
HUN,Hungary,tfr,2011,1.23
HUN,Hungary,tfr,2012,1.34
HUN,Hungary,tfr,2013,1.36
HUN,Hungary,tfr,2014,1.45
HUN,Hungary,tfr,2015,1.46
HUN,Hungary,tfr,2016,1.55
HUN,Hungary,tfr,2017,1.56
HUN,Hungary,tfr,2018,1.57
HUN,Hungary,tfr,2019,1.58
HUN,Hungary,tfr,2020,1.61
HUN,Hungary,tfr,2021,1.63
HUN,Hungary,tfr,2022,1.57
HUN,Hungary,tfr,2023,1.55
HUN,Hungary,tfr,2024,1.41
HUN,Hungary,lfp_ratio,1990,80.0607586147036
HUN,Hungary,lfp_ratio,1991,79.384706352933
HUN,Hungary,lfp_ratio,1992,79.1543362462138
HUN,Hungary,lfp_ratio,1993,79.0300391815411
HUN,Hungary,lfp_ratio,1994,79.0435343550046
HUN,Hungary,lfp_ratio,1995,79.0083596572366
HUN,Hungary,lfp_ratio,1996,78.9251292079899
HUN,Hungary,lfp_ratio,1997,78.9476443450301
HUN,Hungary,lfp_ratio,1998,79.0047037017608
HUN,Hungary,lfp_ratio,1999,79.0565313034673
HUN,Hungary,lfp_ratio,2000,79.207094418362
HUN,Hungary,lfp_ratio,2001,79.3439164418621
HUN,Hungary,lfp_ratio,2002,79.5001549106682
HUN,Hungary,lfp_ratio,2003,79.6098682404612
HUN,Hungary,lfp_ratio,2004,79.7807572596368
HUN,Hungary,lfp_ratio,2005,79.9091902225864
HUN,Hungary,lfp_ratio,2006,80.037179793294
HUN,Hungary,lfp_ratio,2007,79.877424201038
HUN,Hungary,lfp_ratio,2008,79.7752424610437
HUN,Hungary,lfp_ratio,2009,78.9794652701213
HUN,Hungary,lfp_ratio,2010,80.3313984532442
HUN,Hungary,lfp_ratio,2011,80.2817867059751
HUN,Hungary,lfp_ratio,2012,80.4499296455151
HUN,Hungary,lfp_ratio,2013,79.4858132409751
HUN,Hungary,lfp_ratio,2014,78.9483034286729
HUN,Hungary,lfp_ratio,2015,78.8138671720761
HUN,Hungary,lfp_ratio,2016,78.7554412653169
HUN,Hungary,lfp_ratio,2017,78.0418468874658
HUN,Hungary,lfp_ratio,2018,78.2264798311801
HUN,Hungary,lfp_ratio,2019,77.2921622354039
HUN,Hungary,lfp_ratio,2020,77.3763771457853
HUN,Hungary,lfp_ratio,2021,78.1753934148861
HUN,Hungary,lfp_ratio,2022,78.7137452711223
HUN,Hungary,lfp_ratio,2023,79.4686879093384
HUN,Hungary,lfp_ratio,2024,80.4763665951624
HUN,Hungary,lfp_ratio,2025,80.4538788570074
HUN,Hungary,tertiary_gpi,2001,1.21457004547119
HUN,Hungary,tertiary_gpi,2002,1.23192000389099
HUN,Hungary,tertiary_gpi,2003,1.2719099521637
HUN,Hungary,tertiary_gpi,2004,1.28377997875214
HUN,Hungary,tertiary_gpi,2005,1.31462001800537
HUN,Hungary,tertiary_gpi,2006,1.31234002113342
HUN,Hungary,tertiary_gpi,2007,1.3077700138092
HUN,Hungary,tertiary_gpi,2008,1.30072999000549
HUN,Hungary,tertiary_gpi,2009,1.27005994319916
HUN,Hungary,tertiary_gpi,2010,1.26304996013641
HUN,Hungary,tertiary_gpi,2011,1.24588000774384
HUN,Hungary,tertiary_gpi,2012,1.24142003059387
HUN,Hungary,tertiary_gpi,2013,1.23101997375488
HUN,Hungary,tertiary_gpi,2014,1.23195004463196
HUN,Hungary,tertiary_gpi,2015,1.2126100063324
HUN,Hungary,tertiary_gpi,2016,1.20729005336761
HUN,Hungary,tertiary_gpi,2017,1.20683002471924
HUN,Hungary,tertiary_gpi,2018,1.19663000106812
HUN,Hungary,tertiary_gpi,2019,1.20271003246307
HUN,Hungary,tertiary_gpi,2020,1.20679998397827
HUN,Hungary,tertiary_gpi,2021,1.20561003684998
HUN,Hungary,tertiary_gpi,2022,1.21818995475769
HUN,Hungary,tertiary_gpi,2023,1.20304000377655
HUN,Hungary,tertiary_gpi,2024,1.21092998981476
HUN,Hungary,gdp_pc,1990,21297.0006406829
HUN,Hungary,gdp_pc,1991,18765.4162504008
HUN,Hungary,gdp_pc,1992,18197.5305521351
HUN,Hungary,gdp_pc,1993,18113.3369069655
HUN,Hungary,gdp_pc,1994,18672.707236547
HUN,Hungary,gdp_pc,1995,18977.2437047366
HUN,Hungary,gdp_pc,1996,19029.1137284914
HUN,Hungary,gdp_pc,1997,19635.2949600537
HUN,Hungary,gdp_pc,1998,20438.3829550506
HUN,Hungary,gdp_pc,1999,21128.8884639402
HUN,Hungary,gdp_pc,2000,22117.9204303193
HUN,Hungary,gdp_pc,2001,23069.2114730987
HUN,Hungary,gdp_pc,2002,24229.2953575981
HUN,Hungary,gdp_pc,2003,25255.8711300567
HUN,Hungary,gdp_pc,2004,26568.118861864
HUN,Hungary,gdp_pc,2005,27765.7886146197
HUN,Hungary,gdp_pc,2006,28903.0475407078
HUN,Hungary,gdp_pc,2007,29044.0669021254
HUN,Hungary,gdp_pc,2008,29384.0070385818
HUN,Hungary,gdp_pc,2009,27445.959458479
HUN,Hungary,gdp_pc,2010,27801.833816111
HUN,Hungary,gdp_pc,2011,28415.1173442897
HUN,Hungary,gdp_pc,2012,28179.656464434
HUN,Hungary,gdp_pc,2013,28891.0217544976
HUN,Hungary,gdp_pc,2014,30264.9492302161
HUN,Hungary,gdp_pc,2015,31485.5675425634
HUN,Hungary,gdp_pc,2016,32378.9674983075
HUN,Hungary,gdp_pc,2017,33828.714942571
HUN,Hungary,gdp_pc,2018,35798.0412754022
HUN,Hungary,gdp_pc,2019,37662.67681014
HUN,Hungary,gdp_pc,2020,36119.5211735652
HUN,Hungary,gdp_pc,2021,38887.1909527154
HUN,Hungary,gdp_pc,2022,40610.9711368238
HUN,Hungary,gdp_pc,2023,40333.2546888118
HUN,Hungary,gdp_pc,2024,40747.1986679668
HUN,Hungary,gdp_pc,2025,41160.6419140983
ISL,Iceland,tfr,1960,4.29
ISL,Iceland,tfr,1961,3.88
ISL,Iceland,tfr,1962,3.98
ISL,Iceland,tfr,1963,3.99
ISL,Iceland,tfr,1964,3.88
ISL,Iceland,tfr,1965,3.73
ISL,Iceland,tfr,1966,3.59
ISL,Iceland,tfr,1967,3.28
ISL,Iceland,tfr,1968,3.06
ISL,Iceland,tfr,1969,2.99
ISL,Iceland,tfr,1970,2.81
ISL,Iceland,tfr,1971,2.92
ISL,Iceland,tfr,1972,3.09
ISL,Iceland,tfr,1973,2.94
ISL,Iceland,tfr,1974,2.66
ISL,Iceland,tfr,1975,2.65
ISL,Iceland,tfr,1976,2.52
ISL,Iceland,tfr,1977,2.31
ISL,Iceland,tfr,1978,2.35
ISL,Iceland,tfr,1979,2.49
ISL,Iceland,tfr,1980,2.48
ISL,Iceland,tfr,1981,2.33
ISL,Iceland,tfr,1982,2.27
ISL,Iceland,tfr,1983,2.24
ISL,Iceland,tfr,1984,2.08
ISL,Iceland,tfr,1985,1.93
ISL,Iceland,tfr,1986,1.92
ISL,Iceland,tfr,1987,2.06
ISL,Iceland,tfr,1988,2.26
ISL,Iceland,tfr,1989,2.19
ISL,Iceland,tfr,1990,2.3
ISL,Iceland,tfr,1991,2.18
ISL,Iceland,tfr,1992,2.21
ISL,Iceland,tfr,1993,2.22
ISL,Iceland,tfr,1994,2.14
ISL,Iceland,tfr,1995,2.08
ISL,Iceland,tfr,1996,2.12
ISL,Iceland,tfr,1997,2.04
ISL,Iceland,tfr,1998,2.05
ISL,Iceland,tfr,1999,1.99
ISL,Iceland,tfr,2000,2.08
ISL,Iceland,tfr,2001,1.95
ISL,Iceland,tfr,2002,1.93
ISL,Iceland,tfr,2003,1.99
ISL,Iceland,tfr,2004,2.04
ISL,Iceland,tfr,2005,2.05
ISL,Iceland,tfr,2006,2.08
ISL,Iceland,tfr,2007,2.09
ISL,Iceland,tfr,2008,2.15
ISL,Iceland,tfr,2009,2.23
ISL,Iceland,tfr,2010,2.2
ISL,Iceland,tfr,2011,2.02
ISL,Iceland,tfr,2012,2.04
ISL,Iceland,tfr,2013,1.93
ISL,Iceland,tfr,2014,1.93
ISL,Iceland,tfr,2015,1.8
ISL,Iceland,tfr,2016,1.74
ISL,Iceland,tfr,2017,1.71
ISL,Iceland,tfr,2018,1.71
ISL,Iceland,tfr,2019,1.74
ISL,Iceland,tfr,2020,1.72
ISL,Iceland,tfr,2021,1.82
ISL,Iceland,tfr,2022,1.589
ISL,Iceland,tfr,2023,1.55
ISL,Iceland,tfr,2024,1.56
ISL,Iceland,lfp_ratio,1990,83.6109672775034
ISL,Iceland,lfp_ratio,1991,83.4966269465986
ISL,Iceland,lfp_ratio,1992,84.3999295367038
ISL,Iceland,lfp_ratio,1993,85.8622666751609
ISL,Iceland,lfp_ratio,1994,86.4314184930024
ISL,Iceland,lfp_ratio,1995,86.290868372156
ISL,Iceland,lfp_ratio,1996,85.7585062033501
ISL,Iceland,lfp_ratio,1997,85.0977629029417
ISL,Iceland,lfp_ratio,1998,86.0066186586681
ISL,Iceland,lfp_ratio,1999,87.5318003613258
ISL,Iceland,lfp_ratio,2000,89.2732596993888
ISL,Iceland,lfp_ratio,2001,87.3625910541208
ISL,Iceland,lfp_ratio,2002,87.7547275974264
ISL,Iceland,lfp_ratio,2003,87.4032747119466
ISL,Iceland,lfp_ratio,2004,85.6755409070455
ISL,Iceland,lfp_ratio,2005,88.0362042635611
ISL,Iceland,lfp_ratio,2006,87.5335611422992
ISL,Iceland,lfp_ratio,2007,86.1574515891328
ISL,Iceland,lfp_ratio,2008,86.1896513868898
ISL,Iceland,lfp_ratio,2009,88.4830080266126
ISL,Iceland,lfp_ratio,2010,89.3817204301075
ISL,Iceland,lfp_ratio,2011,89.4266491337819
ISL,Iceland,lfp_ratio,2012,90.5889597311131
ISL,Iceland,lfp_ratio,2013,90.251460502921
ISL,Iceland,lfp_ratio,2014,89.8018837284833
ISL,Iceland,lfp_ratio,2015,90.3501694368243
ISL,Iceland,lfp_ratio,2016,89.2503881940114
ISL,Iceland,lfp_ratio,2017,89.5335356076864
ISL,Iceland,lfp_ratio,2018,89.294088301322
ISL,Iceland,lfp_ratio,2019,89.6214819645813
ISL,Iceland,lfp_ratio,2020,89.3260816331791
ISL,Iceland,lfp_ratio,2021,89.2508647839331
ISL,Iceland,lfp_ratio,2022,90.2602801048794
ISL,Iceland,lfp_ratio,2023,89.1524135309768
ISL,Iceland,lfp_ratio,2024,87.9997995791161
ISL,Iceland,lfp_ratio,2025,87.9426209945862
ISL,Iceland,tertiary_gpi,1971,0.360040009021759
ISL,Iceland,tertiary_gpi,1972,0.384600013494492
ISL,Iceland,tertiary_gpi,1973,0.44064998626709
ISL,Iceland,tertiary_gpi,1974,0.4757100045681
ISL,Iceland,tertiary_gpi,1975,0.551779985427856
ISL,Iceland,tertiary_gpi,1976,0.617799997329712
ISL,Iceland,tertiary_gpi,1977,0.67970997095108
ISL,Iceland,tertiary_gpi,1978,0.739820003509521
ISL,Iceland,tertiary_gpi,1981,1.05505001544952
ISL,Iceland,tertiary_gpi,1983,1.07785999774933
ISL,Iceland,tertiary_gpi,1984,1.11731004714966
ISL,Iceland,tertiary_gpi,1986,1.22423005104065
ISL,Iceland,tertiary_gpi,1989,1.23195004463196
ISL,Iceland,tertiary_gpi,1990,1.24074995517731
ISL,Iceland,tertiary_gpi,1991,1.27991998195648
ISL,Iceland,tertiary_gpi,1992,1.31290996074676
ISL,Iceland,tertiary_gpi,1993,1.28402996063232
ISL,Iceland,tertiary_gpi,1994,1.29463005065918
ISL,Iceland,tertiary_gpi,1995,1.28986001014709
ISL,Iceland,tertiary_gpi,1996,1.3194899559021
ISL,Iceland,tertiary_gpi,1997,1.31257998943329
ISL,Iceland,tertiary_gpi,1998,1.3531299829483
ISL,Iceland,tertiary_gpi,1999,1.40373003482819
ISL,Iceland,tertiary_gpi,2000,1.39689004421234
ISL,Iceland,tertiary_gpi,2001,1.4146900177002
ISL,Iceland,tertiary_gpi,2002,1.4273099899292
ISL,Iceland,tertiary_gpi,2003,1.44684994220734
ISL,Iceland,tertiary_gpi,2004,1.46808004379273
ISL,Iceland,tertiary_gpi,2005,1.48141002655029
ISL,Iceland,tertiary_gpi,2006,1.46429002285004
ISL,Iceland,tertiary_gpi,2007,1.46018004417419
ISL,Iceland,tertiary_gpi,2008,1.47461998462677
ISL,Iceland,tertiary_gpi,2009,1.46877002716064
ISL,Iceland,tertiary_gpi,2010,1.43844997882843
ISL,Iceland,tertiary_gpi,2011,1.41842997074127
ISL,Iceland,tertiary_gpi,2012,1.42868995666504
ISL,Iceland,tertiary_gpi,2013,1.42796003818512
ISL,Iceland,tertiary_gpi,2014,1.42588996887207
ISL,Iceland,tertiary_gpi,2015,1.4431699514389
ISL,Iceland,tertiary_gpi,2016,1.46226000785828
ISL,Iceland,tertiary_gpi,2017,1.46685004234314
ISL,Iceland,tertiary_gpi,2018,1.46755003929138
ISL,Iceland,tertiary_gpi,2019,1.49496996402741
ISL,Iceland,tertiary_gpi,2020,1.49460995197296
ISL,Iceland,tertiary_gpi,2021,1.50685000419617
ISL,Iceland,tertiary_gpi,2022,1.50616002082825
ISL,Iceland,tertiary_gpi,2023,1.51546001434326
ISL,Iceland,gdp_pc,1990,43099.5786392572
ISL,Iceland,gdp_pc,1991,42507.6461691026
ISL,Iceland,gdp_pc,1992,40560.5700738208
ISL,Iceland,gdp_pc,1993,40677.5881237507
ISL,Iceland,gdp_pc,1994,41781.8302657718
ISL,Iceland,gdp_pc,1995,41604.2381180421
ISL,Iceland,gdp_pc,1996,43241.3554367229
ISL,Iceland,gdp_pc,1997,44664.5306286878
ISL,Iceland,gdp_pc,1998,47286.6358663221
ISL,Iceland,gdp_pc,1999,48539.3433136469
ISL,Iceland,gdp_pc,2000,50227.8408745363
ISL,Iceland,gdp_pc,2001,51468.3282267824
ISL,Iceland,gdp_pc,2002,51287.593729948
ISL,Iceland,gdp_pc,2003,52095.6402740564
ISL,Iceland,gdp_pc,2004,55576.6099806516
ISL,Iceland,gdp_pc,2005,58549.1358862183
ISL,Iceland,gdp_pc,2006,60434.3837931128
ISL,Iceland,gdp_pc,2007,64075.3098188208
ISL,Iceland,gdp_pc,2008,63963.7601392225
ISL,Iceland,gdp_pc,2009,58441.2719673968
ISL,Iceland,gdp_pc,2010,57225.1024282006
ISL,Iceland,gdp_pc,2011,57837.8604599413
ISL,Iceland,gdp_pc,2012,58203.6379459536
ISL,Iceland,gdp_pc,2013,59729.5439775397
ISL,Iceland,gdp_pc,2014,60199.1994872756
ISL,Iceland,gdp_pc,2015,61820.3618857662
ISL,Iceland,gdp_pc,2016,64759.2275423229
ISL,Iceland,gdp_pc,2017,65462.5033306299
ISL,Iceland,gdp_pc,2018,66703.0219398003
ISL,Iceland,gdp_pc,2019,65994.9860038103
ISL,Iceland,gdp_pc,2020,60617.143268851
ISL,Iceland,gdp_pc,2021,62720.7916832797
ISL,Iceland,gdp_pc,2022,66581.2441801002
ISL,Iceland,gdp_pc,2023,69268.1221404224
ISL,Iceland,gdp_pc,2024,68230.356652817
ISL,Iceland,gdp_pc,2025,68064.6854551866
IRL,Ireland,tfr,1960,3.78
IRL,Ireland,tfr,1961,3.78
IRL,Ireland,tfr,1962,3.92
IRL,Ireland,tfr,1963,4.01
IRL,Ireland,tfr,1964,4.07
IRL,Ireland,tfr,1965,4.04
IRL,Ireland,tfr,1966,3.94
IRL,Ireland,tfr,1967,3.84
IRL,Ireland,tfr,1968,3.77
IRL,Ireland,tfr,1969,3.83
IRL,Ireland,tfr,1970,3.85
IRL,Ireland,tfr,1971,3.93
IRL,Ireland,tfr,1972,3.84
IRL,Ireland,tfr,1973,3.71
IRL,Ireland,tfr,1974,3.59
IRL,Ireland,tfr,1975,3.37
IRL,Ireland,tfr,1976,3.29
IRL,Ireland,tfr,1977,3.24
IRL,Ireland,tfr,1978,3.21
IRL,Ireland,tfr,1979,3.21
IRL,Ireland,tfr,1980,3.21
IRL,Ireland,tfr,1981,3.05
IRL,Ireland,tfr,1982,2.94
IRL,Ireland,tfr,1983,2.74
IRL,Ireland,tfr,1984,2.58
IRL,Ireland,tfr,1985,2.48
IRL,Ireland,tfr,1986,2.44
IRL,Ireland,tfr,1987,2.32
IRL,Ireland,tfr,1988,2.17
IRL,Ireland,tfr,1989,2.08
IRL,Ireland,tfr,1990,2.11
IRL,Ireland,tfr,1991,2.08
IRL,Ireland,tfr,1992,1.99
IRL,Ireland,tfr,1993,1.9
IRL,Ireland,tfr,1994,1.85
IRL,Ireland,tfr,1995,1.84
IRL,Ireland,tfr,1996,1.88
IRL,Ireland,tfr,1997,1.93
IRL,Ireland,tfr,1998,1.94
IRL,Ireland,tfr,1999,1.9
IRL,Ireland,tfr,2000,1.89
IRL,Ireland,tfr,2001,1.94
IRL,Ireland,tfr,2002,1.97
IRL,Ireland,tfr,2003,1.96
IRL,Ireland,tfr,2004,1.93
IRL,Ireland,tfr,2005,1.86
IRL,Ireland,tfr,2006,1.91
IRL,Ireland,tfr,2007,2.01
IRL,Ireland,tfr,2008,2.06
IRL,Ireland,tfr,2009,2.06
IRL,Ireland,tfr,2010,2.05
IRL,Ireland,tfr,2011,2.03
IRL,Ireland,tfr,2012,1.98
IRL,Ireland,tfr,2013,1.93
IRL,Ireland,tfr,2014,1.89
IRL,Ireland,tfr,2015,1.85
IRL,Ireland,tfr,2016,1.81
IRL,Ireland,tfr,2017,1.76
IRL,Ireland,tfr,2018,1.74
IRL,Ireland,tfr,2019,1.69
IRL,Ireland,tfr,2020,1.6
IRL,Ireland,tfr,2021,1.72
IRL,Ireland,tfr,2022,1.51
IRL,Ireland,tfr,2023,1.5
IRL,Ireland,tfr,2024,1.47
IRL,Ireland,lfp_ratio,1990,52.1975753481214
IRL,Ireland,lfp_ratio,1991,53.0602042219195
IRL,Ireland,lfp_ratio,1992,54.9486873967022
IRL,Ireland,lfp_ratio,1993,56.9432841959156
IRL,Ireland,lfp_ratio,1994,58.1437156505213
IRL,Ireland,lfp_ratio,1995,59.605581586942
IRL,Ireland,lfp_ratio,1996,61.5508513575702
IRL,Ireland,lfp_ratio,1997,62.8351942599405
IRL,Ireland,lfp_ratio,1998,64.365333885067
IRL,Ireland,lfp_ratio,1999,65.9377879287299
IRL,Ireland,lfp_ratio,2000,67.3103591285527
IRL,Ireland,lfp_ratio,2001,68.216418784401
IRL,Ireland,lfp_ratio,2002,69.8322553504759
IRL,Ireland,lfp_ratio,2003,70.3101471481785
IRL,Ireland,lfp_ratio,2004,70.4603715743016
IRL,Ireland,lfp_ratio,2005,71.8324579969167
IRL,Ireland,lfp_ratio,2006,72.7981609435613
IRL,Ireland,lfp_ratio,2007,74.5862791306625
IRL,Ireland,lfp_ratio,2008,75.5547578211214
IRL,Ireland,lfp_ratio,2009,77.6380066702647
IRL,Ireland,lfp_ratio,2010,78.7341988627457
IRL,Ireland,lfp_ratio,2011,79.422226077904
IRL,Ireland,lfp_ratio,2012,79.6399254817488
IRL,Ireland,lfp_ratio,2013,80.2368153421473
IRL,Ireland,lfp_ratio,2014,79.7825328526573
IRL,Ireland,lfp_ratio,2015,79.4057139545665
IRL,Ireland,lfp_ratio,2016,80.5316279474463
IRL,Ireland,lfp_ratio,2017,81.1636735289823
IRL,Ireland,lfp_ratio,2018,81.7372392754448
IRL,Ireland,lfp_ratio,2019,81.886655011655
IRL,Ireland,lfp_ratio,2020,81.7482590167342
IRL,Ireland,lfp_ratio,2021,83.2999755216058
IRL,Ireland,lfp_ratio,2022,84.4896092387731
IRL,Ireland,lfp_ratio,2023,83.0526025127709
IRL,Ireland,lfp_ratio,2024,85.0285616847131
IRL,Ireland,lfp_ratio,2025,85.2267054611841
IRL,Ireland,tertiary_gpi,2001,1.19026005268097
IRL,Ireland,tertiary_gpi,2002,1.2067699432373
IRL,Ireland,tertiary_gpi,2003,1.22009003162384
IRL,Ireland,tertiary_gpi,2004,1.20032000541687
IRL,Ireland,tertiary_gpi,2005,1.19538998603821
IRL,Ireland,tertiary_gpi,2006,1.20544004440308
IRL,Ireland,tertiary_gpi,2007,1.20608997344971
IRL,Ireland,tertiary_gpi,2008,1.15876996517181
IRL,Ireland,tertiary_gpi,2009,1.12979996204376
IRL,Ireland,tertiary_gpi,2010,1.07071995735169
IRL,Ireland,tertiary_gpi,2011,1.075080037117
IRL,Ireland,tertiary_gpi,2012,1.05581998825073
IRL,Ireland,tertiary_gpi,2013,1.04694998264313
IRL,Ireland,tertiary_gpi,2014,1.05304002761841
IRL,Ireland,tertiary_gpi,2015,1.08115005493164
IRL,Ireland,tertiary_gpi,2016,1.09621000289917
IRL,Ireland,tertiary_gpi,2017,1.10132002830505
IRL,Ireland,tertiary_gpi,2018,1.1147700548172
IRL,Ireland,tertiary_gpi,2019,1.13462996482849
IRL,Ireland,tertiary_gpi,2020,1.15254998207092
IRL,Ireland,tertiary_gpi,2021,1.16076004505157
IRL,Ireland,tertiary_gpi,2022,1.18614995479584
IRL,Ireland,gdp_pc,1990,29504.8772657821
IRL,Ireland,gdp_pc,1991,29901.8063008033
IRL,Ireland,gdp_pc,1992,30691.3955973094
IRL,Ireland,gdp_pc,1993,31360.6490651216
IRL,Ireland,gdp_pc,1994,33035.2362632759
IRL,Ireland,gdp_pc,1995,36032.7774732501
IRL,Ireland,gdp_pc,1996,38386.9116734053
IRL,Ireland,gdp_pc,1997,42192.5848112478
IRL,Ireland,gdp_pc,1998,45415.0455160312
IRL,Ireland,gdp_pc,1999,49634.5026736477
IRL,Ireland,gdp_pc,2000,53582.8313532284
IRL,Ireland,gdp_pc,2001,55534.5698068816
IRL,Ireland,gdp_pc,2002,57828.0116338414
IRL,Ireland,gdp_pc,2003,58608.3353816693
IRL,Ireland,gdp_pc,2004,61452.8660388324
IRL,Ireland,gdp_pc,2005,63579.7134384122
IRL,Ireland,gdp_pc,2006,64975.4086496251
IRL,Ireland,gdp_pc,2007,66475.8410142999
IRL,Ireland,gdp_pc,2008,62213.6453256462
IRL,Ireland,gdp_pc,2009,58446.726333492
IRL,Ireland,gdp_pc,2010,59107.4220740498
IRL,Ireland,gdp_pc,2011,59797.0537343463
IRL,Ireland,gdp_pc,2012,59303.0319813561
IRL,Ireland,gdp_pc,2013,60285.2376140094
IRL,Ireland,gdp_pc,2014,65463.1952541564
IRL,Ireland,gdp_pc,2015,80815.6415277345
IRL,Ireland,gdp_pc,2016,80760.0974145688
IRL,Ireland,gdp_pc,2017,87731.7897045734
IRL,Ireland,gdp_pc,2018,93115.8393498329
IRL,Ireland,gdp_pc,2019,96205.7961557005
IRL,Ireland,gdp_pc,2020,101793.447525871
IRL,Ireland,gdp_pc,2021,116702.85817485
IRL,Ireland,gdp_pc,2022,123007.47648651
IRL,Ireland,gdp_pc,2023,117659.728593716
IRL,Ireland,gdp_pc,2024,118833.312071751
IRL,Ireland,gdp_pc,2025,131338.444745041
ISR,Israel,tfr,1960,3.866
ISR,Israel,tfr,1961,3.858
ISR,Israel,tfr,1962,3.85
ISR,Israel,tfr,1963,3.838
ISR,Israel,tfr,1964,3.826
ISR,Israel,tfr,1965,3.814
ISR,Israel,tfr,1966,3.802
ISR,Israel,tfr,1967,3.79
ISR,Israel,tfr,1968,3.786
ISR,Israel,tfr,1969,3.782
ISR,Israel,tfr,1970,3.778
ISR,Israel,tfr,1971,3.774
ISR,Israel,tfr,1972,3.77
ISR,Israel,tfr,1973,3.698
ISR,Israel,tfr,1974,3.626
ISR,Israel,tfr,1975,3.554
ISR,Israel,tfr,1976,3.482
ISR,Israel,tfr,1977,3.41
ISR,Israel,tfr,1978,3.354
ISR,Israel,tfr,1979,3.298
ISR,Israel,tfr,1980,3.242
ISR,Israel,tfr,1981,3.186
ISR,Israel,tfr,1982,3.13
ISR,Israel,tfr,1983,3.106
ISR,Israel,tfr,1984,3.082
ISR,Israel,tfr,1985,3.058
ISR,Israel,tfr,1986,3.034
ISR,Israel,tfr,1987,3.01
ISR,Israel,tfr,1988,2.948
ISR,Israel,tfr,1989,2.886
ISR,Israel,tfr,1990,2.824
ISR,Israel,tfr,1991,2.762
ISR,Israel,tfr,1992,2.7
ISR,Israel,tfr,1993,2.8
ISR,Israel,tfr,1994,2.9
ISR,Israel,tfr,1995,2.9
ISR,Israel,tfr,1996,2.9
ISR,Israel,tfr,1997,2.94
ISR,Israel,tfr,1998,2.98
ISR,Israel,tfr,1999,2.965
ISR,Israel,tfr,2000,2.95
ISR,Israel,tfr,2001,2.92
ISR,Israel,tfr,2002,2.89
ISR,Israel,tfr,2003,2.95
ISR,Israel,tfr,2004,2.9
ISR,Israel,tfr,2005,2.84
ISR,Israel,tfr,2006,2.88
ISR,Israel,tfr,2007,2.9
ISR,Israel,tfr,2008,2.96
ISR,Israel,tfr,2009,2.96
ISR,Israel,tfr,2010,3.03
ISR,Israel,tfr,2011,2.98
ISR,Israel,tfr,2012,3.05
ISR,Israel,tfr,2013,3.03
ISR,Israel,tfr,2014,3.08
ISR,Israel,tfr,2015,3.09
ISR,Israel,tfr,2016,3.11
ISR,Israel,tfr,2017,3.11
ISR,Israel,tfr,2018,3.09
ISR,Israel,tfr,2019,3.01
ISR,Israel,tfr,2020,2.9
ISR,Israel,tfr,2021,3.0
ISR,Israel,tfr,2022,2.89
ISR,Israel,tfr,2023,2.85
ISR,Israel,tfr,2024,2.87
ISR,Israel,lfp_ratio,1990,64.4015196849298
ISR,Israel,lfp_ratio,1991,64.925943953828
ISR,Israel,lfp_ratio,1992,67.017857641897
ISR,Israel,lfp_ratio,1993,66.9773598809995
ISR,Israel,lfp_ratio,1994,69.1599367019535
ISR,Israel,lfp_ratio,1995,70.6124345674963
ISR,Israel,lfp_ratio,1996,71.479963886381
ISR,Israel,lfp_ratio,1997,72.1861000716201
ISR,Israel,lfp_ratio,1998,73.2128336448065
ISR,Israel,lfp_ratio,1999,75.4295162101934
ISR,Israel,lfp_ratio,2000,76.7284676979594
ISR,Israel,lfp_ratio,2001,77.4553474895126
ISR,Israel,lfp_ratio,2002,78.0874509114354
ISR,Israel,lfp_ratio,2003,79.7180570066366
ISR,Israel,lfp_ratio,2004,79.8743424897721
ISR,Israel,lfp_ratio,2005,80.4997742860887
ISR,Israel,lfp_ratio,2006,80.4934843291245
ISR,Israel,lfp_ratio,2007,80.5397808753513
ISR,Israel,lfp_ratio,2008,80.5446466962878
ISR,Israel,lfp_ratio,2009,82.9105473965287
ISR,Israel,lfp_ratio,2010,82.8792708077938
ISR,Israel,lfp_ratio,2011,82.5090993124964
ISR,Israel,lfp_ratio,2012,83.0157264383255
ISR,Israel,lfp_ratio,2013,82.9834966839131
ISR,Israel,lfp_ratio,2014,84.3006713667008
ISR,Israel,lfp_ratio,2015,84.3894769351714
ISR,Israel,lfp_ratio,2016,84.9784079560001
ISR,Israel,lfp_ratio,2017,84.9966160961029
ISR,Israel,lfp_ratio,2018,86.69458808781
ISR,Israel,lfp_ratio,2019,87.159947086904
ISR,Israel,lfp_ratio,2020,87.9262877442274
ISR,Israel,lfp_ratio,2021,89.0015356402726
ISR,Israel,lfp_ratio,2022,89.2193362825398
ISR,Israel,lfp_ratio,2023,89.0298420808175
ISR,Israel,lfp_ratio,2024,90.2725768527388
ISR,Israel,lfp_ratio,2025,90.5242961175633
ISR,Israel,tertiary_gpi,2001,1.26570999622345
ISR,Israel,tertiary_gpi,2002,1.25873005390167
ISR,Israel,tertiary_gpi,2003,1.2344399690628
ISR,Israel,tertiary_gpi,2004,1.24114000797272
ISR,Israel,tertiary_gpi,2005,1.24739003181457
ISR,Israel,tertiary_gpi,2006,1.21935999393463
ISR,Israel,tertiary_gpi,2007,1.24251997470856
ISR,Israel,tertiary_gpi,2008,1.23451995849609
ISR,Israel,tertiary_gpi,2009,1.23480999469757
ISR,Israel,tertiary_gpi,2010,1.2304699420929
ISR,Israel,tertiary_gpi,2011,1.24442994594574
ISR,Israel,tertiary_gpi,2012,1.2408299446106
ISR,Israel,tertiary_gpi,2013,1.25407004356384
ISR,Israel,tertiary_gpi,2014,1.2509800195694
ISR,Israel,tertiary_gpi,2015,1.27079999446869
ISR,Israel,tertiary_gpi,2016,1.27871000766754
ISR,Israel,tertiary_gpi,2017,1.28357005119324
ISR,Israel,tertiary_gpi,2018,1.28910994529724
ISR,Israel,tertiary_gpi,2019,1.32169997692108
ISR,Israel,tertiary_gpi,2020,1.31054997444153
ISR,Israel,tertiary_gpi,2021,1.30850005149841
ISR,Israel,tertiary_gpi,2022,1.30297005176544
ISR,Israel,tertiary_gpi,2023,1.2929699420929
ISR,Israel,tertiary_gpi,2024,1.30043005943298
ISR,Israel,gdp_pc,1990,25340.9813271336
ISR,Israel,gdp_pc,1991,25704.7207371288
ISR,Israel,gdp_pc,1992,26758.4290726582
ISR,Israel,gdp_pc,1993,27129.2193762452
ISR,Israel,gdp_pc,1994,28399.3981907056
ISR,Israel,gdp_pc,1995,29477.45829469
ISR,Israel,gdp_pc,1996,30392.8973069758
ISR,Israel,gdp_pc,1997,30713.159801923
ISR,Israel,gdp_pc,1998,31250.1071698272
ISR,Israel,gdp_pc,1999,31466.1683689237
ISR,Israel,gdp_pc,2000,33278.5412285682
ISR,Israel,gdp_pc,2001,32591.2116817431
ISR,Israel,gdp_pc,2002,31892.5395978816
ISR,Israel,gdp_pc,2003,31771.2115906733
ISR,Israel,gdp_pc,2004,32665.8537052438
ISR,Israel,gdp_pc,2005,33491.9913996395
ISR,Israel,gdp_pc,2006,34744.8675092298
ISR,Israel,gdp_pc,2007,36288.0655118571
ISR,Israel,gdp_pc,2008,36795.4799112424
ISR,Israel,gdp_pc,2009,36364.7843182661
ISR,Israel,gdp_pc,2010,37686.3420833543
ISR,Israel,gdp_pc,2011,39036.0247356871
ISR,Israel,gdp_pc,2012,39245.5078117687
ISR,Israel,gdp_pc,2013,40095.4756773092
ISR,Israel,gdp_pc,2014,40795.6290927281
ISR,Israel,gdp_pc,2015,40889.5989080834
ISR,Israel,gdp_pc,2016,41914.5802977706
ISR,Israel,gdp_pc,2017,42895.585129847
ISR,Israel,gdp_pc,2018,43782.6526491689
ISR,Israel,gdp_pc,2019,44492.1226967084
ISR,Israel,gdp_pc,2020,42926.5415418584
ISR,Israel,gdp_pc,2021,46151.100820403
ISR,Israel,gdp_pc,2022,48132.3637205177
ISR,Israel,gdp_pc,2023,47671.2476926086
ISR,Israel,gdp_pc,2024,47388.7236682364
ISR,Israel,gdp_pc,2025,48196.6345176562
ITA,Italy,tfr,1960,2.4
ITA,Italy,tfr,1961,2.44
ITA,Italy,tfr,1962,2.46
ITA,Italy,tfr,1963,2.51
ITA,Italy,tfr,1964,2.66
ITA,Italy,tfr,1965,2.6
ITA,Italy,tfr,1966,2.58
ITA,Italy,tfr,1967,2.5
ITA,Italy,tfr,1968,2.46
ITA,Italy,tfr,1969,2.47
ITA,Italy,tfr,1970,2.38
ITA,Italy,tfr,1971,2.4
ITA,Italy,tfr,1972,2.35
ITA,Italy,tfr,1973,2.3
ITA,Italy,tfr,1974,2.28
ITA,Italy,tfr,1975,2.17
ITA,Italy,tfr,1976,2.04
ITA,Italy,tfr,1977,1.93
ITA,Italy,tfr,1978,1.84
ITA,Italy,tfr,1979,1.73
ITA,Italy,tfr,1980,1.64
ITA,Italy,tfr,1981,1.58
ITA,Italy,tfr,1982,1.56
ITA,Italy,tfr,1983,1.51
ITA,Italy,tfr,1984,1.46
ITA,Italy,tfr,1985,1.42
ITA,Italy,tfr,1986,1.35
ITA,Italy,tfr,1987,1.33
ITA,Italy,tfr,1988,1.36
ITA,Italy,tfr,1989,1.33
ITA,Italy,tfr,1990,1.33
ITA,Italy,tfr,1991,1.3
ITA,Italy,tfr,1992,1.3
ITA,Italy,tfr,1993,1.25
ITA,Italy,tfr,1994,1.21
ITA,Italy,tfr,1995,1.19
ITA,Italy,tfr,1996,1.2
ITA,Italy,tfr,1997,1.22
ITA,Italy,tfr,1998,1.22
ITA,Italy,tfr,1999,1.23
ITA,Italy,tfr,2000,1.26
ITA,Italy,tfr,2001,1.25
ITA,Italy,tfr,2002,1.27
ITA,Italy,tfr,2003,1.29
ITA,Italy,tfr,2004,1.34
ITA,Italy,tfr,2005,1.33
ITA,Italy,tfr,2006,1.37
ITA,Italy,tfr,2007,1.39
ITA,Italy,tfr,2008,1.44
ITA,Italy,tfr,2009,1.44
ITA,Italy,tfr,2010,1.44
ITA,Italy,tfr,2011,1.42
ITA,Italy,tfr,2012,1.42
ITA,Italy,tfr,2013,1.39
ITA,Italy,tfr,2014,1.38
ITA,Italy,tfr,2015,1.36
ITA,Italy,tfr,2016,1.36
ITA,Italy,tfr,2017,1.34
ITA,Italy,tfr,2018,1.31
ITA,Italy,tfr,2019,1.27
ITA,Italy,tfr,2020,1.24
ITA,Italy,tfr,2021,1.25
ITA,Italy,tfr,2022,1.24
ITA,Italy,tfr,2023,1.21
ITA,Italy,tfr,2024,1.18
ITA,Italy,lfp_ratio,1990,52.6177143545279
ITA,Italy,lfp_ratio,1991,53.4486134751239
ITA,Italy,lfp_ratio,1992,52.6227470478558
ITA,Italy,lfp_ratio,1993,52.2087850115922
ITA,Italy,lfp_ratio,1994,52.8932355338223
ITA,Italy,lfp_ratio,1995,53.6651715594993
ITA,Italy,lfp_ratio,1996,54.60936742412
ITA,Italy,lfp_ratio,1997,55.0678139127899
ITA,Italy,lfp_ratio,1998,55.830485968293
ITA,Italy,lfp_ratio,1999,57.15725642568
ITA,Italy,lfp_ratio,2000,57.7413092771733
ITA,Italy,lfp_ratio,2001,58.860312823122
ITA,Italy,lfp_ratio,2002,59.3785246089217
ITA,Italy,lfp_ratio,2003,59.8968166135017
ITA,Italy,lfp_ratio,2004,61.6997863939414
ITA,Italy,lfp_ratio,2005,61.895471982688
ITA,Italy,lfp_ratio,2006,62.3373204560786
ITA,Italy,lfp_ratio,2007,62.389255965688
ITA,Italy,lfp_ratio,2008,63.6454051186845
ITA,Italy,lfp_ratio,2009,63.7949873085781
ITA,Italy,lfp_ratio,2010,64.2355694227769
ITA,Italy,lfp_ratio,2011,65.0318591024787
ITA,Italy,lfp_ratio,2012,66.6655377372869
ITA,Italy,lfp_ratio,2013,67.2981807602129
ITA,Italy,lfp_ratio,2014,67.9953467683991
ITA,Italy,lfp_ratio,2015,67.2304620163506
ITA,Italy,lfp_ratio,2016,67.961939007429
ITA,Italy,lfp_ratio,2017,68.6901174797711
ITA,Italy,lfp_ratio,2018,69.0246462184305
ITA,Italy,lfp_ratio,2019,69.5052331113226
ITA,Italy,lfp_ratio,2020,68.6830574488802
ITA,Italy,lfp_ratio,2021,69.2959899923553
ITA,Italy,lfp_ratio,2022,69.7462645458927
ITA,Italy,lfp_ratio,2023,70.2393906420022
ITA,Italy,lfp_ratio,2024,69.9406791217783
ITA,Italy,lfp_ratio,2025,69.9991422935071
ITA,Italy,tertiary_gpi,2001,1.24056994915009
ITA,Italy,tertiary_gpi,2002,1.24995994567871
ITA,Italy,tertiary_gpi,2003,1.2501300573349
ITA,Italy,tertiary_gpi,2004,1.2523900270462
ITA,Italy,tertiary_gpi,2005,1.26391994953155
ITA,Italy,tertiary_gpi,2006,1.27433001995087
ITA,Italy,tertiary_gpi,2007,1.28286004066467
ITA,Italy,tertiary_gpi,2008,1.28916001319885
ITA,Italy,tertiary_gpi,2009,1.29793000221252
ITA,Italy,tertiary_gpi,2010,1.29770994186401
ITA,Italy,tertiary_gpi,2011,1.29903995990753
ITA,Italy,tertiary_gpi,2012,1.29577004909515
ITA,Italy,tertiary_gpi,2013,1.28454005718231
ITA,Italy,tertiary_gpi,2014,1.27798998355866
ITA,Italy,tertiary_gpi,2015,1.26723003387451
ITA,Italy,tertiary_gpi,2016,1.26112997531891
ITA,Italy,tertiary_gpi,2017,1.26060998439789
ITA,Italy,tertiary_gpi,2018,1.26952004432678
ITA,Italy,tertiary_gpi,2019,1.2747700214386
ITA,Italy,tertiary_gpi,2020,1.28111004829407
ITA,Italy,tertiary_gpi,2021,1.28182005882263
ITA,Italy,tertiary_gpi,2022,1.28881001472473
ITA,Italy,tertiary_gpi,2023,1.29103994369507
ITA,Italy,gdp_pc,1990,42656.7445101659
ITA,Italy,gdp_pc,1991,43283.0204441901
ITA,Italy,gdp_pc,1992,43614.4850883758
ITA,Italy,gdp_pc,1993,43216.1096444751
ITA,Italy,gdp_pc,1994,44136.7059141923
ITA,Italy,gdp_pc,1995,45410.1391731091
ITA,Italy,gdp_pc,1996,46008.2389303796
ITA,Italy,gdp_pc,1997,46869.4256086419
ITA,Italy,gdp_pc,1998,47701.3974191265
ITA,Italy,gdp_pc,1999,48493.6651210308
ITA,Italy,gdp_pc,2000,50353.4200415436
ITA,Italy,gdp_pc,2001,51332.2904432567
ITA,Italy,gdp_pc,2002,51369.1149098293
ITA,Italy,gdp_pc,2003,51126.2585544038
ITA,Italy,gdp_pc,2004,51495.0028841364
ITA,Italy,gdp_pc,2005,51585.6445807938
ITA,Italy,gdp_pc,2006,52304.2402949819
ITA,Italy,gdp_pc,2007,52747.1905476807
ITA,Italy,gdp_pc,2008,51806.3906176391
ITA,Italy,gdp_pc,2009,48774.3916833748
ITA,Italy,gdp_pc,2010,49301.6959141674
ITA,Italy,gdp_pc,2011,49473.0149235634
ITA,Italy,gdp_pc,2012,47795.9579360541
ITA,Italy,gdp_pc,2013,46833.3615309303
ITA,Italy,gdp_pc,2014,46825.6511245062
ITA,Italy,gdp_pc,2015,47311.8255262709
ITA,Italy,gdp_pc,2016,47987.8379581014
ITA,Italy,gdp_pc,2017,48849.2183534756
ITA,Italy,gdp_pc,2018,49355.8751913504
ITA,Italy,gdp_pc,2019,49690.6298505274
ITA,Italy,gdp_pc,2020,45505.0688708956
ITA,Italy,gdp_pc,2021,49825.3934111848
ITA,Italy,gdp_pc,2022,52333.3274270604
ITA,Italy,gdp_pc,2023,52842.6288831758
ITA,Italy,gdp_pc,2024,53284.8745049149
ITA,Italy,gdp_pc,2025,53606.0789571011
JPN,Japan,tfr,1960,2.0
JPN,Japan,tfr,1961,1.96
JPN,Japan,tfr,1962,1.98
JPN,Japan,tfr,1963,2.0
JPN,Japan,tfr,1964,2.05
JPN,Japan,tfr,1965,2.14
JPN,Japan,tfr,1966,1.58
JPN,Japan,tfr,1967,2.23
JPN,Japan,tfr,1968,2.13
JPN,Japan,tfr,1969,2.13
JPN,Japan,tfr,1970,2.13
JPN,Japan,tfr,1971,2.16
JPN,Japan,tfr,1972,2.14
JPN,Japan,tfr,1973,2.14
JPN,Japan,tfr,1974,2.05
JPN,Japan,tfr,1975,1.91
JPN,Japan,tfr,1976,1.85
JPN,Japan,tfr,1977,1.8
JPN,Japan,tfr,1978,1.79
JPN,Japan,tfr,1979,1.77
JPN,Japan,tfr,1980,1.75
JPN,Japan,tfr,1981,1.74
JPN,Japan,tfr,1982,1.77
JPN,Japan,tfr,1983,1.8
JPN,Japan,tfr,1984,1.81
JPN,Japan,tfr,1985,1.76
JPN,Japan,tfr,1986,1.72
JPN,Japan,tfr,1987,1.69
JPN,Japan,tfr,1988,1.66
JPN,Japan,tfr,1989,1.57
JPN,Japan,tfr,1990,1.54
JPN,Japan,tfr,1991,1.53
JPN,Japan,tfr,1992,1.5
JPN,Japan,tfr,1993,1.46
JPN,Japan,tfr,1994,1.5
JPN,Japan,tfr,1995,1.42
JPN,Japan,tfr,1996,1.43
JPN,Japan,tfr,1997,1.39
JPN,Japan,tfr,1998,1.38
JPN,Japan,tfr,1999,1.34
JPN,Japan,tfr,2000,1.36
JPN,Japan,tfr,2001,1.33
JPN,Japan,tfr,2002,1.32
JPN,Japan,tfr,2003,1.29
JPN,Japan,tfr,2004,1.29
JPN,Japan,tfr,2005,1.26
JPN,Japan,tfr,2006,1.32
JPN,Japan,tfr,2007,1.34
JPN,Japan,tfr,2008,1.37
JPN,Japan,tfr,2009,1.37
JPN,Japan,tfr,2010,1.39
JPN,Japan,tfr,2011,1.39
JPN,Japan,tfr,2012,1.41
JPN,Japan,tfr,2013,1.43
JPN,Japan,tfr,2014,1.42
JPN,Japan,tfr,2015,1.45
JPN,Japan,tfr,2016,1.44
JPN,Japan,tfr,2017,1.43
JPN,Japan,tfr,2018,1.42
JPN,Japan,tfr,2019,1.36
JPN,Japan,tfr,2020,1.33
JPN,Japan,tfr,2021,1.3
JPN,Japan,tfr,2022,1.26
JPN,Japan,tfr,2023,1.2
JPN,Japan,tfr,2024,1.15
JPN,Japan,lfp_ratio,1990,64.7557205500006
JPN,Japan,lfp_ratio,1991,65.2965150772564
JPN,Japan,lfp_ratio,1992,65.046088273808
JPN,Japan,lfp_ratio,1993,64.4844706154024
JPN,Japan,lfp_ratio,1994,64.489601564913
JPN,Japan,lfp_ratio,1995,64.3852226407306
JPN,Japan,lfp_ratio,1996,64.3801376040405
JPN,Japan,lfp_ratio,1997,64.8127157504251
JPN,Japan,lfp_ratio,1998,64.8455410918982
JPN,Japan,lfp_ratio,1999,64.4842897509017
JPN,Japan,lfp_ratio,2000,64.4455507808406
JPN,Japan,lfp_ratio,2001,64.9123271355786
JPN,Japan,lfp_ratio,2002,64.9157356053908
JPN,Japan,lfp_ratio,2003,65.0629593601383
JPN,Japan,lfp_ratio,2004,65.6923454634732
JPN,Japan,lfp_ratio,2005,65.9608475294053
JPN,Japan,lfp_ratio,2006,66.205698496724
JPN,Japan,lfp_ratio,2007,66.215088194644
JPN,Japan,lfp_ratio,2008,66.5858897394944
JPN,Japan,lfp_ratio,2009,67.3123957754308
JPN,Japan,lfp_ratio,2010,67.6169028269293
JPN,Japan,lfp_ratio,2011,67.6514032496307
JPN,Japan,lfp_ratio,2012,67.9657539092903
JPN,Japan,lfp_ratio,2013,69.2364514525179
JPN,Japan,lfp_ratio,2014,69.9108627969463
JPN,Japan,lfp_ratio,2015,70.3755928727086
JPN,Japan,lfp_ratio,2016,71.3546700017054
JPN,Japan,lfp_ratio,2017,72.4491389468603
JPN,Japan,lfp_ratio,2018,73.6705869112599
JPN,Japan,lfp_ratio,2019,74.6526073727162
JPN,Japan,lfp_ratio,2020,74.4057629779123
JPN,Japan,lfp_ratio,2021,75.1053666760326
JPN,Japan,lfp_ratio,2022,75.9214620063346
JPN,Japan,lfp_ratio,2023,76.7509550663999
JPN,Japan,lfp_ratio,2024,77.7620812644241
JPN,Japan,lfp_ratio,2025,78.212876689331
JPN,Japan,tertiary_gpi,2013,0.913259983062744
JPN,Japan,tertiary_gpi,2014,0.929880023002625
JPN,Japan,tertiary_gpi,2015,0.941860020160675
JPN,Japan,tertiary_gpi,2016,0.953700006008148
JPN,Japan,tertiary_gpi,2017,0.961530029773712
JPN,Japan,tertiary_gpi,2018,0.970340013504028
JPN,Japan,tertiary_gpi,2019,0.976710021495819
JPN,Japan,tertiary_gpi,2020,0.983290016651154
JPN,Japan,tertiary_gpi,2021,0.981350004673004
JPN,Japan,tertiary_gpi,2022,0.970790028572083
JPN,Japan,tertiary_gpi,2023,0.974250018596649
JPN,Japan,gdp_pc,1990,36137.8442587458
JPN,Japan,gdp_pc,1991,37226.3339021829
JPN,Japan,gdp_pc,1992,37402.9442395168
JPN,Japan,gdp_pc,1993,37088.8020049844
JPN,Japan,gdp_pc,1994,37352.6868581318
JPN,Japan,gdp_pc,1995,38137.9346304016
JPN,Japan,gdp_pc,1996,39221.765120663
JPN,Japan,gdp_pc,1997,39661.7312762235
JPN,Japan,gdp_pc,1998,38852.9526557943
JPN,Japan,gdp_pc,1999,38647.2705275615
JPN,Japan,gdp_pc,2000,39731.7953686304
JPN,Japan,gdp_pc,2001,39748.9837725849
JPN,Japan,gdp_pc,2002,39690.3676794625
JPN,Japan,gdp_pc,2003,40152.1282635641
JPN,Japan,gdp_pc,2004,40986.7225710497
JPN,Japan,gdp_pc,2005,41740.352036905
JPN,Japan,gdp_pc,2006,42358.9337348253
JPN,Japan,gdp_pc,2007,43041.5697058021
JPN,Japan,gdp_pc,2008,42518.8423408417
JPN,Japan,gdp_pc,2009,39999.9464203408
JPN,Japan,gdp_pc,2010,41647.0458542008
JPN,Japan,gdp_pc,2011,41640.6608721251
JPN,Japan,gdp_pc,2012,42394.9433175064
JPN,Japan,gdp_pc,2013,43304.1181931426
JPN,Japan,gdp_pc,2014,43754.438013293
JPN,Japan,gdp_pc,2015,44589.3032854003
JPN,Japan,gdp_pc,2016,44926.6202909525
JPN,Japan,gdp_pc,2017,45693.3776080987
JPN,Japan,gdp_pc,2018,46133.0225978718
JPN,Japan,gdp_pc,2019,46055.3498672487
JPN,Japan,gdp_pc,2020,44212.5503415724
JPN,Japan,gdp_pc,2021,45999.4617966896
JPN,Japan,gdp_pc,2022,46819.360613609
JPN,Japan,gdp_pc,2023,47387.2172542523
JPN,Japan,gdp_pc,2024,47479.8448545667
JPN,Japan,gdp_pc,2025,48283.3723959465
KOR,Korea,tfr,1960,5.994
KOR,Korea,tfr,1961,5.803
KOR,Korea,tfr,1962,5.562
KOR,Korea,tfr,1963,5.334
KOR,Korea,tfr,1964,5.068
KOR,Korea,tfr,1965,4.887
KOR,Korea,tfr,1966,4.782
KOR,Korea,tfr,1967,4.615
KOR,Korea,tfr,1968,4.51
KOR,Korea,tfr,1969,4.447
KOR,Korea,tfr,1970,4.53
KOR,Korea,tfr,1971,4.54
KOR,Korea,tfr,1972,4.12
KOR,Korea,tfr,1973,4.07
KOR,Korea,tfr,1974,3.77
KOR,Korea,tfr,1975,3.43
KOR,Korea,tfr,1976,3.0
KOR,Korea,tfr,1977,2.99
KOR,Korea,tfr,1978,2.64
KOR,Korea,tfr,1979,2.9
KOR,Korea,tfr,1980,2.82
KOR,Korea,tfr,1981,2.57
KOR,Korea,tfr,1982,2.39
KOR,Korea,tfr,1983,2.06
KOR,Korea,tfr,1984,1.74
KOR,Korea,tfr,1985,1.66
KOR,Korea,tfr,1986,1.58
KOR,Korea,tfr,1987,1.53
KOR,Korea,tfr,1988,1.55
KOR,Korea,tfr,1989,1.56
KOR,Korea,tfr,1990,1.57
KOR,Korea,tfr,1991,1.71
KOR,Korea,tfr,1992,1.76
KOR,Korea,tfr,1993,1.654
KOR,Korea,tfr,1994,1.656
KOR,Korea,tfr,1995,1.634
KOR,Korea,tfr,1996,1.574
KOR,Korea,tfr,1997,1.537
KOR,Korea,tfr,1998,1.464
KOR,Korea,tfr,1999,1.425
KOR,Korea,tfr,2000,1.48
KOR,Korea,tfr,2001,1.309
KOR,Korea,tfr,2002,1.178
KOR,Korea,tfr,2003,1.191
KOR,Korea,tfr,2004,1.164
KOR,Korea,tfr,2005,1.085
KOR,Korea,tfr,2006,1.132
KOR,Korea,tfr,2007,1.259
KOR,Korea,tfr,2008,1.192
KOR,Korea,tfr,2009,1.149
KOR,Korea,tfr,2010,1.226
KOR,Korea,tfr,2011,1.244
KOR,Korea,tfr,2012,1.297
KOR,Korea,tfr,2013,1.187
KOR,Korea,tfr,2014,1.205
KOR,Korea,tfr,2015,1.239
KOR,Korea,tfr,2016,1.172
KOR,Korea,tfr,2017,1.052
KOR,Korea,tfr,2018,0.977
KOR,Korea,tfr,2019,0.918
KOR,Korea,tfr,2020,0.837
KOR,Korea,tfr,2021,0.808
KOR,Korea,tfr,2022,0.778
KOR,Korea,tfr,2023,0.721
KOR,Korea,tfr,2024,0.748
KOR,Korea,lfp_ratio,1990,66.1051363916429
KOR,Korea,lfp_ratio,1991,64.8389975969791
KOR,Korea,lfp_ratio,1992,64.300310609776
KOR,Korea,lfp_ratio,1993,64.1929600087115
KOR,Korea,lfp_ratio,1994,64.6094919551701
KOR,Korea,lfp_ratio,1995,65.2485421464453
KOR,Korea,lfp_ratio,1996,65.9925578385375
KOR,Korea,lfp_ratio,1997,67.3251540374014
KOR,Korea,lfp_ratio,1998,64.4880532063388
KOR,Korea,lfp_ratio,1999,65.7949213359095
KOR,Korea,lfp_ratio,2000,68.5912047589926
KOR,Korea,lfp_ratio,2001,69.4284762142798
KOR,Korea,lfp_ratio,2002,69.3062358963069
KOR,Korea,lfp_ratio,2003,68.1820687374252
KOR,Korea,lfp_ratio,2004,69.5333955838734
KOR,Korea,lfp_ratio,2005,70.0814740016322
KOR,Korea,lfp_ratio,2006,70.6583080815101
KOR,Korea,lfp_ratio,2007,70.5070022551995
KOR,Korea,lfp_ratio,2008,70.8010517583206
KOR,Korea,lfp_ratio,2009,70.1063438640156
KOR,Korea,lfp_ratio,2010,70.3509987136173
KOR,Korea,lfp_ratio,2011,70.2765009347896
KOR,Korea,lfp_ratio,2012,70.3661727462256
KOR,Korea,lfp_ratio,2013,70.618406238272
KOR,Korea,lfp_ratio,2014,71.2965382552366
KOR,Korea,lfp_ratio,2015,71.9636823164199
KOR,Korea,lfp_ratio,2016,72.2693465678659
KOR,Korea,lfp_ratio,2017,72.8924598269468
KOR,Korea,lfp_ratio,2018,73.5554664934563
KOR,Korea,lfp_ratio,2019,74.380645429018
KOR,Korea,lfp_ratio,2020,74.3143644322616
KOR,Korea,lfp_ratio,2021,74.9783380384046
KOR,Korea,lfp_ratio,2022,75.7383908172534
KOR,Korea,lfp_ratio,2023,77.2085974097548
KOR,Korea,lfp_ratio,2024,78.7270888460952
KOR,Korea,lfp_ratio,2025,78.8616982861587
KOR,Korea,tertiary_gpi,2000,0.586399972438812
KOR,Korea,tertiary_gpi,2001,0.599039971828461
KOR,Korea,tertiary_gpi,2002,0.612240016460419
KOR,Korea,tertiary_gpi,2003,0.620729982852936
KOR,Korea,tertiary_gpi,2004,0.634079992771149
KOR,Korea,tertiary_gpi,2005,0.645190000534058
KOR,Korea,tertiary_gpi,2006,0.663110017776489
KOR,Korea,tertiary_gpi,2007,0.682439982891083
KOR,Korea,tertiary_gpi,2008,0.70169997215271
KOR,Korea,tertiary_gpi,2009,0.713940024375916
KOR,Korea,tertiary_gpi,2010,0.732500016689301
KOR,Korea,tertiary_gpi,2011,0.745710015296936
KOR,Korea,tertiary_gpi,2012,0.756519973278046
KOR,Korea,tertiary_gpi,2013,0.765600025653839
KOR,Korea,tertiary_gpi,2014,0.773000001907349
KOR,Korea,tertiary_gpi,2015,0.78329998254776
KOR,Korea,tertiary_gpi,2016,0.790759980678558
KOR,Korea,tertiary_gpi,2017,0.797789990901947
KOR,Korea,tertiary_gpi,2018,0.810829997062683
KOR,Korea,tertiary_gpi,2019,0.82438999414444
KOR,Korea,tertiary_gpi,2020,0.832859992980957
KOR,Korea,tertiary_gpi,2021,0.845239996910095
KOR,Korea,tertiary_gpi,2022,0.85522997379303
KOR,Korea,tertiary_gpi,2023,0.873420000076294
KOR,Korea,tertiary_gpi,2024,0.891470015048981
KOR,Korea,gdp_pc,1990,14377.8839203268
KOR,Korea,gdp_pc,1991,15784.4668669974
KOR,Korea,gdp_pc,1992,16613.4907015983
KOR,Korea,gdp_pc,1993,17595.9036148432
KOR,Korea,gdp_pc,1994,19052.2990926264
KOR,Korea,gdp_pc,1995,20697.8969808345
KOR,Korea,gdp_pc,1996,22139.7963785414
KOR,Korea,gdp_pc,1997,23311.0420901741
KOR,Korea,gdp_pc,1998,22000.3387603516
KOR,Korea,gdp_pc,1999,24382.2508517369
KOR,Korea,gdp_pc,2000,26404.1588575745
KOR,Korea,gdp_pc,2001,27440.6564915847
KOR,Korea,gdp_pc,2002,29395.2766036796
KOR,Korea,gdp_pc,2003,30142.4605585814
KOR,Korea,gdp_pc,2004,31579.5283048867
KOR,Korea,gdp_pc,2005,32886.0472450743
KOR,Korea,gdp_pc,2006,34429.6222013137
KOR,Korea,gdp_pc,2007,36257.3401689702
KOR,Korea,gdp_pc,2008,37064.1518484106
KOR,Korea,gdp_pc,2009,37176.1939270969
KOR,Korea,gdp_pc,2010,39574.0500732947
KOR,Korea,gdp_pc,2011,40719.2273771671
KOR,Korea,gdp_pc,2012,41537.6728611117
KOR,Korea,gdp_pc,2013,42709.9751857887
KOR,Korea,gdp_pc,2014,43806.9250985661
KOR,Korea,gdp_pc,2015,44849.106767089
KOR,Korea,gdp_pc,2016,46088.2430785383
KOR,Korea,gdp_pc,2017,47536.7898568851
KOR,Korea,gdp_pc,2018,48834.4471157733
KOR,Korea,gdp_pc,2019,49790.8679884821
KOR,Korea,gdp_pc,2020,49374.0926148025
KOR,Korea,gdp_pc,2021,51718.2518656631
KOR,Korea,gdp_pc,2022,53228.6035655365
KOR,Korea,gdp_pc,2023,54029.3434990785
KOR,Korea,gdp_pc,2024,55070.9386194121
KOR,Korea,gdp_pc,2025,55697.0848086328
LVA,Latvia,tfr,1960,1.94
LVA,Latvia,tfr,1961,1.94
LVA,Latvia,tfr,1962,1.91
LVA,Latvia,tfr,1963,1.85
LVA,Latvia,tfr,1964,1.79
LVA,Latvia,tfr,1965,1.74
LVA,Latvia,tfr,1966,1.76
LVA,Latvia,tfr,1967,1.8
LVA,Latvia,tfr,1968,1.83
LVA,Latvia,tfr,1969,1.88
LVA,Latvia,tfr,1970,1.96
LVA,Latvia,tfr,1971,2.0
LVA,Latvia,tfr,1972,2.0
LVA,Latvia,tfr,1973,1.98
LVA,Latvia,tfr,1974,1.97
LVA,Latvia,tfr,1975,1.96
LVA,Latvia,tfr,1976,1.93
LVA,Latvia,tfr,1977,1.89
LVA,Latvia,tfr,1978,1.87
LVA,Latvia,tfr,1979,1.87
LVA,Latvia,tfr,1980,1.86
LVA,Latvia,tfr,1981,1.88
LVA,Latvia,tfr,1982,1.97
LVA,Latvia,tfr,1983,2.07
LVA,Latvia,tfr,1984,2.09
LVA,Latvia,tfr,1985,2.08
LVA,Latvia,tfr,1986,2.12
LVA,Latvia,tfr,1987,2.15
LVA,Latvia,tfr,1988,2.11
LVA,Latvia,tfr,1989,2.05
LVA,Latvia,tfr,1990,2.02
LVA,Latvia,tfr,1991,1.86
LVA,Latvia,tfr,1992,1.73
LVA,Latvia,tfr,1993,1.51
LVA,Latvia,tfr,1994,1.39
LVA,Latvia,tfr,1995,1.25
LVA,Latvia,tfr,1996,1.16
LVA,Latvia,tfr,1997,1.11
LVA,Latvia,tfr,1998,1.09
LVA,Latvia,tfr,1999,1.16
LVA,Latvia,tfr,2000,1.25
LVA,Latvia,tfr,2001,1.22
LVA,Latvia,tfr,2002,1.26
LVA,Latvia,tfr,2003,1.32
LVA,Latvia,tfr,2004,1.29
LVA,Latvia,tfr,2005,1.39
LVA,Latvia,tfr,2006,1.46
LVA,Latvia,tfr,2007,1.54
LVA,Latvia,tfr,2008,1.58
LVA,Latvia,tfr,2009,1.46
LVA,Latvia,tfr,2010,1.36
LVA,Latvia,tfr,2011,1.33
LVA,Latvia,tfr,2012,1.44
LVA,Latvia,tfr,2013,1.52
LVA,Latvia,tfr,2014,1.65
LVA,Latvia,tfr,2015,1.7
LVA,Latvia,tfr,2016,1.74
LVA,Latvia,tfr,2017,1.69
LVA,Latvia,tfr,2018,1.6
LVA,Latvia,tfr,2019,1.61
LVA,Latvia,tfr,2020,1.55
LVA,Latvia,tfr,2021,1.57
LVA,Latvia,tfr,2022,1.47
LVA,Latvia,tfr,2023,1.36
LVA,Latvia,tfr,2024,1.24
LVA,Latvia,lfp_ratio,1990,77.9630059144149
LVA,Latvia,lfp_ratio,1991,77.0716996378223
LVA,Latvia,lfp_ratio,1992,75.8755302507152
LVA,Latvia,lfp_ratio,1993,75.7295967422657
LVA,Latvia,lfp_ratio,1994,75.6070089393918
LVA,Latvia,lfp_ratio,1995,75.4692686276754
LVA,Latvia,lfp_ratio,1996,75.4349859681946
LVA,Latvia,lfp_ratio,1997,75.5195599022005
LVA,Latvia,lfp_ratio,1998,75.6704812206573
LVA,Latvia,lfp_ratio,1999,74.0201684166753
LVA,Latvia,lfp_ratio,2000,75.4118806393003
LVA,Latvia,lfp_ratio,2001,77.5861533202822
LVA,Latvia,lfp_ratio,2002,77.4010700050014
LVA,Latvia,lfp_ratio,2003,78.036271511107
LVA,Latvia,lfp_ratio,2004,76.9295340425207
LVA,Latvia,lfp_ratio,2005,76.8770693153904
LVA,Latvia,lfp_ratio,2006,76.9475758069534
LVA,Latvia,lfp_ratio,2007,76.5820402964335
LVA,Latvia,lfp_ratio,2008,78.7391060891039
LVA,Latvia,lfp_ratio,2009,81.042760019084
LVA,Latvia,lfp_ratio,2010,82.56373219417
LVA,Latvia,lfp_ratio,2011,80.9204086626698
LVA,Latvia,lfp_ratio,2012,81.2656820469673
LVA,Latvia,lfp_ratio,2013,81.330066397447
LVA,Latvia,lfp_ratio,2014,80.1338044050214
LVA,Latvia,lfp_ratio,2015,80.1629104289381
LVA,Latvia,lfp_ratio,2016,81.7947341741957
LVA,Latvia,lfp_ratio,2017,81.2129435709861
LVA,Latvia,lfp_ratio,2018,81.4567015591831
LVA,Latvia,lfp_ratio,2019,81.6791083233947
LVA,Latvia,lfp_ratio,2020,81.5133778043761
LVA,Latvia,lfp_ratio,2021,80.5648927625904
LVA,Latvia,lfp_ratio,2022,81.6233449940221
LVA,Latvia,lfp_ratio,2023,81.9126143298314
LVA,Latvia,lfp_ratio,2024,82.5614943041551
LVA,Latvia,lfp_ratio,2025,82.6509088189094
LVA,Latvia,tertiary_gpi,2001,1.40234994888306
LVA,Latvia,tertiary_gpi,2002,1.39627003669739
LVA,Latvia,tertiary_gpi,2003,1.40116000175476
LVA,Latvia,tertiary_gpi,2004,1.41507995128632
LVA,Latvia,tertiary_gpi,2005,1.44059002399445
LVA,Latvia,tertiary_gpi,2006,1.44510996341705
LVA,Latvia,tertiary_gpi,2007,1.46051001548767
LVA,Latvia,tertiary_gpi,2008,1.47449004650116
LVA,Latvia,tertiary_gpi,2009,1.456169962883
LVA,Latvia,tertiary_gpi,2010,1.42969000339508
LVA,Latvia,tertiary_gpi,2011,1.38943004608154
LVA,Latvia,tertiary_gpi,2012,1.35783994197846
LVA,Latvia,tertiary_gpi,2013,1.34127998352051
LVA,Latvia,tertiary_gpi,2014,1.29967999458313
LVA,Latvia,tertiary_gpi,2015,1.35910999774933
LVA,Latvia,tertiary_gpi,2016,1.34677004814148
LVA,Latvia,tertiary_gpi,2017,1.31445002555847
LVA,Latvia,tertiary_gpi,2018,1.32555997371674
LVA,Latvia,tertiary_gpi,2019,1.28015995025635
LVA,Latvia,tertiary_gpi,2020,1.26305997371674
LVA,Latvia,tertiary_gpi,2021,1.27304995059967
LVA,Latvia,tertiary_gpi,2022,1.30770003795624
LVA,Latvia,tertiary_gpi,2023,1.30268001556397
LVA,Latvia,tertiary_gpi,2024,1.32453000545502
LVA,Latvia,gdp_pc,1990,17508.7871005399
LVA,Latvia,gdp_pc,1991,15376.0911858137
LVA,Latvia,gdp_pc,1992,10582.2074616453
LVA,Latvia,gdp_pc,1993,10255.1419301566
LVA,Latvia,gdp_pc,1994,10656.609005478
LVA,Latvia,gdp_pc,1995,10707.5149969006
LVA,Latvia,gdp_pc,1996,11077.8618422597
LVA,Latvia,gdp_pc,1997,12215.0151940189
LVA,Latvia,gdp_pc,1998,13138.4012524255
LVA,Latvia,gdp_pc,1999,13619.098799485
LVA,Latvia,gdp_pc,2000,14554.2131724037
LVA,Latvia,gdp_pc,2001,15695.906718153
LVA,Latvia,gdp_pc,2002,17096.5594440255
LVA,Latvia,gdp_pc,2003,18717.6675525538
LVA,Latvia,gdp_pc,2004,20574.118201251
LVA,Latvia,gdp_pc,2005,23213.3539355881
LVA,Latvia,gdp_pc,2006,26431.8140222767
LVA,Latvia,gdp_pc,2007,29423.7371235063
LVA,Latvia,gdp_pc,2008,28726.9722869522
LVA,Latvia,gdp_pc,2009,24520.6791475489
LVA,Latvia,gdp_pc,2010,24119.7307848939
LVA,Latvia,gdp_pc,2011,25308.7322074626
LVA,Latvia,gdp_pc,2012,27496.5454583635
LVA,Latvia,gdp_pc,2013,28375.1842887263
LVA,Latvia,gdp_pc,2014,29243.7412502629
LVA,Latvia,gdp_pc,2015,30599.6133134147
LVA,Latvia,gdp_pc,2016,31668.5148442662
LVA,Latvia,gdp_pc,2017,33036.3915943437
LVA,Latvia,gdp_pc,2018,34729.7062763057
LVA,Latvia,gdp_pc,2019,35208.1934590859
LVA,Latvia,gdp_pc,2020,34225.8976044058
LVA,Latvia,gdp_pc,2021,36912.0130602161
LVA,Latvia,gdp_pc,2022,37718.7097958367
LVA,Latvia,gdp_pc,2023,37277.7217221317
LVA,Latvia,gdp_pc,2024,37615.0762450744
LVA,Latvia,gdp_pc,2025,38800.5425281872
LTU,Lithuania,tfr,1960,2.56
LTU,Lithuania,tfr,1961,2.53
LTU,Lithuania,tfr,1962,2.45
LTU,Lithuania,tfr,1963,2.35
LTU,Lithuania,tfr,1964,2.28
LTU,Lithuania,tfr,1965,2.23
LTU,Lithuania,tfr,1966,2.22
LTU,Lithuania,tfr,1967,2.23
LTU,Lithuania,tfr,1968,2.24
LTU,Lithuania,tfr,1969,2.3
LTU,Lithuania,tfr,1970,2.4
LTU,Lithuania,tfr,1971,2.41
LTU,Lithuania,tfr,1972,2.34
LTU,Lithuania,tfr,1973,2.22
LTU,Lithuania,tfr,1974,2.21
LTU,Lithuania,tfr,1975,2.18
LTU,Lithuania,tfr,1976,2.18
LTU,Lithuania,tfr,1977,2.14
LTU,Lithuania,tfr,1978,2.08
LTU,Lithuania,tfr,1979,2.05
LTU,Lithuania,tfr,1980,1.99
LTU,Lithuania,tfr,1981,1.98
LTU,Lithuania,tfr,1982,1.97
LTU,Lithuania,tfr,1983,2.1
LTU,Lithuania,tfr,1984,2.07
LTU,Lithuania,tfr,1985,2.08
LTU,Lithuania,tfr,1986,2.12
LTU,Lithuania,tfr,1987,2.11
LTU,Lithuania,tfr,1988,2.02
LTU,Lithuania,tfr,1989,1.98
LTU,Lithuania,tfr,1990,2.03
LTU,Lithuania,tfr,1991,2.01
LTU,Lithuania,tfr,1992,1.97
LTU,Lithuania,tfr,1993,1.74
LTU,Lithuania,tfr,1994,1.57
LTU,Lithuania,tfr,1995,1.55
LTU,Lithuania,tfr,1996,1.49
LTU,Lithuania,tfr,1997,1.47
LTU,Lithuania,tfr,1998,1.46
LTU,Lithuania,tfr,1999,1.46
LTU,Lithuania,tfr,2000,1.39
LTU,Lithuania,tfr,2001,1.29
LTU,Lithuania,tfr,2002,1.23
LTU,Lithuania,tfr,2003,1.26
LTU,Lithuania,tfr,2004,1.27
LTU,Lithuania,tfr,2005,1.29
LTU,Lithuania,tfr,2006,1.33
LTU,Lithuania,tfr,2007,1.36
LTU,Lithuania,tfr,2008,1.45
LTU,Lithuania,tfr,2009,1.5
LTU,Lithuania,tfr,2010,1.5
LTU,Lithuania,tfr,2011,1.55
LTU,Lithuania,tfr,2012,1.6
LTU,Lithuania,tfr,2013,1.59
LTU,Lithuania,tfr,2014,1.57
LTU,Lithuania,tfr,2015,1.63
LTU,Lithuania,tfr,2016,1.63
LTU,Lithuania,tfr,2017,1.57
LTU,Lithuania,tfr,2018,1.53
LTU,Lithuania,tfr,2019,1.43
LTU,Lithuania,tfr,2020,1.36
LTU,Lithuania,tfr,2021,1.36
LTU,Lithuania,tfr,2022,1.27
LTU,Lithuania,tfr,2023,1.18
LTU,Lithuania,tfr,2024,1.11
LTU,Lithuania,lfp_ratio,1990,80.2415310339294
LTU,Lithuania,lfp_ratio,1991,79.5387265191883
LTU,Lithuania,lfp_ratio,1992,78.9023530687486
LTU,Lithuania,lfp_ratio,1993,78.3746838903698
LTU,Lithuania,lfp_ratio,1994,77.8693267932431
LTU,Lithuania,lfp_ratio,1995,77.4123689872979
LTU,Lithuania,lfp_ratio,1996,77.0306789699931
LTU,Lithuania,lfp_ratio,1997,76.6450810168821
LTU,Lithuania,lfp_ratio,1998,76.3212805488066
LTU,Lithuania,lfp_ratio,1999,80.722962095712
LTU,Lithuania,lfp_ratio,2000,82.6500511709108
LTU,Lithuania,lfp_ratio,2001,81.7075973220168
LTU,Lithuania,lfp_ratio,2002,80.2754269887675
LTU,Lithuania,lfp_ratio,2003,82.8228927318902
LTU,Lithuania,lfp_ratio,2004,80.500846766606
LTU,Lithuania,lfp_ratio,2005,80.6970295767466
LTU,Lithuania,lfp_ratio,2006,81.8112011501764
LTU,Lithuania,lfp_ratio,2007,80.9359844810863
LTU,Lithuania,lfp_ratio,2008,81.1568334217763
LTU,Lithuania,lfp_ratio,2009,83.9192088663752
LTU,Lithuania,lfp_ratio,2010,84.560547032864
LTU,Lithuania,lfp_ratio,2011,83.4981145229268
LTU,Lithuania,lfp_ratio,2012,84.0867421129165
LTU,Lithuania,lfp_ratio,2013,82.5192160775815
LTU,Lithuania,lfp_ratio,2014,82.7829427583557
LTU,Lithuania,lfp_ratio,2015,83.8876730063808
LTU,Lithuania,lfp_ratio,2016,84.2336474081256
LTU,Lithuania,lfp_ratio,2017,84.0475186701999
LTU,Lithuania,lfp_ratio,2018,83.5450525724257
LTU,Lithuania,lfp_ratio,2019,84.3680431673768
LTU,Lithuania,lfp_ratio,2020,83.2953373894608
LTU,Lithuania,lfp_ratio,2021,84.321535657593
LTU,Lithuania,lfp_ratio,2022,85.0865746917472
LTU,Lithuania,lfp_ratio,2023,84.3944450111479
LTU,Lithuania,lfp_ratio,2024,83.6876970696289
LTU,Lithuania,lfp_ratio,2025,83.6362054212412
LTU,Lithuania,tertiary_gpi,2001,1.35123002529144
LTU,Lithuania,tertiary_gpi,2002,1.36336004734039
LTU,Lithuania,tertiary_gpi,2003,1.35544002056122
LTU,Lithuania,tertiary_gpi,2004,1.35664999485016
LTU,Lithuania,tertiary_gpi,2005,1.35906004905701
LTU,Lithuania,tertiary_gpi,2006,1.35257995128632
LTU,Lithuania,tertiary_gpi,2007,1.35134994983673
LTU,Lithuania,tertiary_gpi,2008,1.34722995758057
LTU,Lithuania,tertiary_gpi,2009,1.33041000366211
LTU,Lithuania,tertiary_gpi,2010,1.33852005004883
LTU,Lithuania,tertiary_gpi,2011,1.33509004116058
LTU,Lithuania,tertiary_gpi,2012,1.32246994972229
LTU,Lithuania,tertiary_gpi,2013,1.31860995292664
LTU,Lithuania,tertiary_gpi,2014,1.30589997768402
LTU,Lithuania,tertiary_gpi,2015,1.28677999973297
LTU,Lithuania,tertiary_gpi,2016,1.25867998600006
LTU,Lithuania,tertiary_gpi,2017,1.25003004074097
LTU,Lithuania,tertiary_gpi,2018,1.24942004680634
LTU,Lithuania,tertiary_gpi,2019,1.2632999420166
LTU,Lithuania,tertiary_gpi,2020,1.28544998168945
LTU,Lithuania,tertiary_gpi,2021,1.31677997112274
LTU,Lithuania,tertiary_gpi,2022,1.32714998722076
LTU,Lithuania,tertiary_gpi,2023,1.31413996219635
LTU,Lithuania,tertiary_gpi,2024,1.31260001659393
LTU,Lithuania,gdp_pc,1990,20594.0623779042
LTU,Lithuania,gdp_pc,1991,19392.1950657963
LTU,Lithuania,gdp_pc,1992,15286.2039647381
LTU,Lithuania,gdp_pc,1993,12866.5897896196
LTU,Lithuania,gdp_pc,1994,11690.8861051725
LTU,Lithuania,gdp_pc,1995,12168.8332695478
LTU,Lithuania,gdp_pc,1996,12878.1001468209
LTU,Lithuania,gdp_pc,1997,14050.349878771
LTU,Lithuania,gdp_pc,1998,15208.6978530701
LTU,Lithuania,gdp_pc,1999,15148.9570325637
LTU,Lithuania,gdp_pc,2000,15777.4293800236
LTU,Lithuania,gdp_pc,2001,16939.467059225
LTU,Lithuania,gdp_pc,2002,18223.4782620215
LTU,Lithuania,gdp_pc,2003,20310.7119582322
LTU,Lithuania,gdp_pc,2004,21875.6085796224
LTU,Lithuania,gdp_pc,2005,23953.8150681702
LTU,Lithuania,gdp_pc,2006,26139.2837773621
LTU,Lithuania,gdp_pc,2007,29381.9521464971
LTU,Lithuania,gdp_pc,2008,30457.3682543436
LTU,Lithuania,gdp_pc,2009,26227.5230201039
LTU,Lithuania,gdp_pc,2010,26897.7243702338
LTU,Lithuania,gdp_pc,2011,29251.8774718539
LTU,Lithuania,gdp_pc,2012,30932.0983180261
LTU,Lithuania,gdp_pc,2013,32487.0008217277
LTU,Lithuania,gdp_pc,2014,33988.0148951198
LTU,Lithuania,gdp_pc,2015,35264.7149248316
LTU,Lithuania,gdp_pc,2016,36632.0832798438
LTU,Lithuania,gdp_pc,2017,38789.2463179035
LTU,Lithuania,gdp_pc,2018,41035.4018152732
LTU,Lithuania,gdp_pc,2019,43078.7118585461
LTU,Lithuania,gdp_pc,2020,43108.1976060283
LTU,Lithuania,gdp_pc,2021,45897.3715026327
LTU,Lithuania,gdp_pc,2022,46642.5947251086
LTU,Lithuania,gdp_pc,2023,46333.9006965206
LTU,Lithuania,gdp_pc,2024,47462.0039386975
LTU,Lithuania,gdp_pc,2025,48839.5436452948
LUX,Luxembourg,tfr,1960,2.29
LUX,Luxembourg,tfr,1962,2.37
LUX,Luxembourg,tfr,1964,2.34
LUX,Luxembourg,tfr,1965,2.42
LUX,Luxembourg,tfr,1966,2.34
LUX,Luxembourg,tfr,1967,2.24
LUX,Luxembourg,tfr,1968,2.12
LUX,Luxembourg,tfr,1969,2.02
LUX,Luxembourg,tfr,1970,1.97
LUX,Luxembourg,tfr,1971,1.95
LUX,Luxembourg,tfr,1972,1.75
LUX,Luxembourg,tfr,1973,1.58
LUX,Luxembourg,tfr,1974,1.58
LUX,Luxembourg,tfr,1975,1.55
LUX,Luxembourg,tfr,1976,1.48
LUX,Luxembourg,tfr,1977,1.5
LUX,Luxembourg,tfr,1978,1.48
LUX,Luxembourg,tfr,1979,1.48
LUX,Luxembourg,tfr,1980,1.5
LUX,Luxembourg,tfr,1981,1.55
LUX,Luxembourg,tfr,1982,1.49
LUX,Luxembourg,tfr,1983,1.43
LUX,Luxembourg,tfr,1984,1.42
LUX,Luxembourg,tfr,1985,1.38
LUX,Luxembourg,tfr,1986,1.43
LUX,Luxembourg,tfr,1987,1.4
LUX,Luxembourg,tfr,1988,1.51
LUX,Luxembourg,tfr,1989,1.52
LUX,Luxembourg,tfr,1990,1.6
LUX,Luxembourg,tfr,1991,1.6
LUX,Luxembourg,tfr,1992,1.64
LUX,Luxembourg,tfr,1993,1.7
LUX,Luxembourg,tfr,1994,1.72
LUX,Luxembourg,tfr,1995,1.7
LUX,Luxembourg,tfr,1996,1.77
LUX,Luxembourg,tfr,1997,1.71
LUX,Luxembourg,tfr,1998,1.68
LUX,Luxembourg,tfr,1999,1.74
LUX,Luxembourg,tfr,2000,1.76
LUX,Luxembourg,tfr,2001,1.66
LUX,Luxembourg,tfr,2002,1.63
LUX,Luxembourg,tfr,2003,1.62
LUX,Luxembourg,tfr,2004,1.66
LUX,Luxembourg,tfr,2005,1.63
LUX,Luxembourg,tfr,2006,1.65
LUX,Luxembourg,tfr,2007,1.61
LUX,Luxembourg,tfr,2008,1.61
LUX,Luxembourg,tfr,2009,1.59
LUX,Luxembourg,tfr,2010,1.63
LUX,Luxembourg,tfr,2011,1.52
LUX,Luxembourg,tfr,2012,1.57
LUX,Luxembourg,tfr,2013,1.55
LUX,Luxembourg,tfr,2014,1.5
LUX,Luxembourg,tfr,2015,1.47
LUX,Luxembourg,tfr,2016,1.41
LUX,Luxembourg,tfr,2017,1.39
LUX,Luxembourg,tfr,2018,1.38
LUX,Luxembourg,tfr,2019,1.34
LUX,Luxembourg,tfr,2020,1.36
LUX,Luxembourg,tfr,2021,1.38
LUX,Luxembourg,tfr,2022,1.31
LUX,Luxembourg,tfr,2023,1.25
LUX,Luxembourg,tfr,2024,1.25
LUX,Luxembourg,lfp_ratio,1990,50.1794162016492
LUX,Luxembourg,lfp_ratio,1991,52.2185291086695
LUX,Luxembourg,lfp_ratio,1992,56.1096563729721
LUX,Luxembourg,lfp_ratio,1993,54.1773299600766
LUX,Luxembourg,lfp_ratio,1994,56.1616581541751
LUX,Luxembourg,lfp_ratio,1995,53.457398560803
LUX,Luxembourg,lfp_ratio,1996,55.0835559983696
LUX,Luxembourg,lfp_ratio,1997,57.201589694395
LUX,Luxembourg,lfp_ratio,1998,57.6111770614556
LUX,Luxembourg,lfp_ratio,1999,61.1099190779794
LUX,Luxembourg,lfp_ratio,2000,62.9189795856462
LUX,Luxembourg,lfp_ratio,2001,63.6455479189946
LUX,Luxembourg,lfp_ratio,2002,64.5774839235577
LUX,Luxembourg,lfp_ratio,2003,66.2366953485857
LUX,Luxembourg,lfp_ratio,2004,68.9848257513651
LUX,Luxembourg,lfp_ratio,2005,70.2677746999077
LUX,Luxembourg,lfp_ratio,2006,71.5466315218234
LUX,Luxembourg,lfp_ratio,2007,72.8746583365873
LUX,Luxembourg,lfp_ratio,2008,74.2668702482331
LUX,Luxembourg,lfp_ratio,2009,74.1956465836724
LUX,Luxembourg,lfp_ratio,2010,74.6063262718983
LUX,Luxembourg,lfp_ratio,2011,76.8307826032968
LUX,Luxembourg,lfp_ratio,2012,78.3252211712125
LUX,Luxembourg,lfp_ratio,2013,78.3564021744096
LUX,Luxembourg,lfp_ratio,2014,79.3622324902724
LUX,Luxembourg,lfp_ratio,2015,82.799621466512
LUX,Luxembourg,lfp_ratio,2016,83.0134059878015
LUX,Luxembourg,lfp_ratio,2017,85.1076234597082
LUX,Luxembourg,lfp_ratio,2018,85.9293409229901
LUX,Luxembourg,lfp_ratio,2019,84.3500959692898
LUX,Luxembourg,lfp_ratio,2020,87.0418501859835
LUX,Luxembourg,lfp_ratio,2021,86.2599815143113
LUX,Luxembourg,lfp_ratio,2022,87.8852825533883
LUX,Luxembourg,lfp_ratio,2023,86.8593296785069
LUX,Luxembourg,lfp_ratio,2024,87.5372046407095
LUX,Luxembourg,lfp_ratio,2025,87.7505839962136
LUX,Luxembourg,tertiary_gpi,2001,1.14204001426697
LUX,Luxembourg,tertiary_gpi,2003,1.15309000015259
LUX,Luxembourg,tertiary_gpi,2006,1.10683000087738
LUX,Luxembourg,tertiary_gpi,2008,0.971130013465881
LUX,Luxembourg,tertiary_gpi,2010,1.11014997959137
LUX,Luxembourg,tertiary_gpi,2012,1.12199997901917
LUX,Luxembourg,tertiary_gpi,2015,1.06951999664307
LUX,Luxembourg,tertiary_gpi,2016,1.07155001163483
LUX,Luxembourg,tertiary_gpi,2017,1.07863998413086
LUX,Luxembourg,tertiary_gpi,2018,1.11626994609833
LUX,Luxembourg,tertiary_gpi,2019,1.12335002422333
LUX,Luxembourg,tertiary_gpi,2020,1.15936005115509
LUX,Luxembourg,tertiary_gpi,2021,1.16293001174927
LUX,Luxembourg,tertiary_gpi,2022,1.17917001247406
LUX,Luxembourg,tertiary_gpi,2023,1.15780997276306
LUX,Luxembourg,tertiary_gpi,2024,1.15877997875214
LUX,Luxembourg,gdp_pc,1990,81455.0312264957
LUX,Luxembourg,gdp_pc,1991,87318.4976692868
LUX,Luxembourg,gdp_pc,1992,87734.2029842352
LUX,Luxembourg,gdp_pc,1993,90200.6012709212
LUX,Luxembourg,gdp_pc,1994,92380.4162945065
LUX,Luxembourg,gdp_pc,1995,92396.3982654612
LUX,Luxembourg,gdp_pc,1996,92421.5791788935
LUX,Luxembourg,gdp_pc,1997,96216.9038688184
LUX,Luxembourg,gdp_pc,1998,101369.82339661
LUX,Luxembourg,gdp_pc,1999,108186.852973076
LUX,Luxembourg,gdp_pc,2000,114148.353907645
LUX,Luxembourg,gdp_pc,2001,116265.230369162
LUX,Luxembourg,gdp_pc,2002,118764.331507238
LUX,Luxembourg,gdp_pc,2003,120403.002017933
LUX,Luxembourg,gdp_pc,2004,123725.755122536
LUX,Luxembourg,gdp_pc,2005,124871.952523256
LUX,Luxembourg,gdp_pc,2006,130290.174082751
LUX,Luxembourg,gdp_pc,2007,138683.319852878
LUX,Luxembourg,gdp_pc,2008,135814.608862354
LUX,Luxembourg,gdp_pc,2009,129004.508948877
LUX,Luxembourg,gdp_pc,2010,131434.360018803
LUX,Luxembourg,gdp_pc,2011,129887.626962873
LUX,Luxembourg,gdp_pc,2012,128897.403218507
LUX,Luxembourg,gdp_pc,2013,129947.336184196
LUX,Luxembourg,gdp_pc,2014,130249.550482759
LUX,Luxembourg,gdp_pc,2015,130097.338289025
LUX,Luxembourg,gdp_pc,2016,133661.734541281
LUX,Luxembourg,gdp_pc,2017,132169.829576174
LUX,Luxembourg,gdp_pc,2018,131733.884471489
LUX,Luxembourg,gdp_pc,2019,132724.754668303
LUX,Luxembourg,gdp_pc,2020,129865.631871124
LUX,Luxembourg,gdp_pc,2021,136772.443753292
LUX,Luxembourg,gdp_pc,2022,132570.832272626
LUX,Luxembourg,gdp_pc,2023,130048.922273147
LUX,Luxembourg,gdp_pc,2024,128475.283540415
LUX,Luxembourg,gdp_pc,2025,127420.601625165
MEX,Mexico,tfr,1960,6.763
MEX,Mexico,tfr,1961,6.777
MEX,Mexico,tfr,1962,6.8
MEX,Mexico,tfr,1963,6.817
MEX,Mexico,tfr,1964,6.833
MEX,Mexico,tfr,1965,6.819
MEX,Mexico,tfr,1966,6.79
MEX,Mexico,tfr,1967,6.753
MEX,Mexico,tfr,1968,6.707
MEX,Mexico,tfr,1969,6.626
MEX,Mexico,tfr,1970,6.529
MEX,Mexico,tfr,1971,6.419
MEX,Mexico,tfr,1972,6.281
MEX,Mexico,tfr,1973,6.121
MEX,Mexico,tfr,1974,5.947
MEX,Mexico,tfr,1975,5.739
MEX,Mexico,tfr,1976,5.543
MEX,Mexico,tfr,1977,5.361
MEX,Mexico,tfr,1978,5.202
MEX,Mexico,tfr,1979,4.964
MEX,Mexico,tfr,1980,4.739
MEX,Mexico,tfr,1981,4.574
MEX,Mexico,tfr,1982,4.425
MEX,Mexico,tfr,1983,4.296
MEX,Mexico,tfr,1984,4.184
MEX,Mexico,tfr,1985,4.087
MEX,Mexico,tfr,1986,3.971
MEX,Mexico,tfr,1987,3.803
MEX,Mexico,tfr,1988,3.64
MEX,Mexico,tfr,1989,3.532
MEX,Mexico,tfr,1990,3.444
MEX,Mexico,tfr,1991,3.363
MEX,Mexico,tfr,1992,3.285
MEX,Mexico,tfr,1993,3.211
MEX,Mexico,tfr,1994,3.132
MEX,Mexico,tfr,1995,3.044
MEX,Mexico,tfr,1996,2.964
MEX,Mexico,tfr,1997,2.886
MEX,Mexico,tfr,1998,2.815
MEX,Mexico,tfr,1999,2.763
MEX,Mexico,tfr,2000,2.714
MEX,Mexico,tfr,2001,2.671
MEX,Mexico,tfr,2002,2.633
MEX,Mexico,tfr,2003,2.579
MEX,Mexico,tfr,2004,2.536
MEX,Mexico,tfr,2005,2.495
MEX,Mexico,tfr,2006,2.456
MEX,Mexico,tfr,2007,2.421
MEX,Mexico,tfr,2008,2.391
MEX,Mexico,tfr,2009,2.364
MEX,Mexico,tfr,2010,2.34
MEX,Mexico,tfr,2011,2.317
MEX,Mexico,tfr,2012,2.294
MEX,Mexico,tfr,2013,2.269
MEX,Mexico,tfr,2014,2.211
MEX,Mexico,tfr,2015,2.137
MEX,Mexico,tfr,2016,2.086
MEX,Mexico,tfr,2017,2.041
MEX,Mexico,tfr,2018,2.03
MEX,Mexico,tfr,2019,2.02
MEX,Mexico,tfr,2020,1.99
MEX,Mexico,tfr,2021,1.97
MEX,Mexico,tfr,2022,1.94
MEX,Mexico,tfr,2023,1.91
MEX,Mexico,tfr,2024,1.892
MEX,Mexico,lfp_ratio,1990,40.4473117255663
MEX,Mexico,lfp_ratio,1991,40.7546810233932
MEX,Mexico,lfp_ratio,1992,41.5564054445685
MEX,Mexico,lfp_ratio,1993,42.411475099413
MEX,Mexico,lfp_ratio,1994,43.2732811347248
MEX,Mexico,lfp_ratio,1995,45.3726266013655
MEX,Mexico,lfp_ratio,1996,45.3996747183905
MEX,Mexico,lfp_ratio,1997,47.3670374840182
MEX,Mexico,lfp_ratio,1998,47.1143706260186
MEX,Mexico,lfp_ratio,1999,46.5667492596845
MEX,Mexico,lfp_ratio,2000,47.3236898499903
MEX,Mexico,lfp_ratio,2001,46.9090507509571
MEX,Mexico,lfp_ratio,2002,47.6654930891629
MEX,Mexico,lfp_ratio,2003,48.4848107879482
MEX,Mexico,lfp_ratio,2004,49.9271599865526
MEX,Mexico,lfp_ratio,2005,50.9875350035933
MEX,Mexico,lfp_ratio,2006,52.2771054581378
MEX,Mexico,lfp_ratio,2007,52.9710827835921
MEX,Mexico,lfp_ratio,2008,53.0753213720185
MEX,Mexico,lfp_ratio,2009,54.2118641934916
MEX,Mexico,lfp_ratio,2010,54.1850664917106
MEX,Mexico,lfp_ratio,2011,54.9343895124451
MEX,Mexico,lfp_ratio,2012,56.0752376389904
MEX,Mexico,lfp_ratio,2013,56.3501615253056
MEX,Mexico,lfp_ratio,2014,55.2693030103051
MEX,Mexico,lfp_ratio,2015,55.9108033805111
MEX,Mexico,lfp_ratio,2016,56.1981781712723
MEX,Mexico,lfp_ratio,2017,55.7626187098176
MEX,Mexico,lfp_ratio,2018,56.4626111430947
MEX,Mexico,lfp_ratio,2019,58.3842576578654
MEX,Mexico,lfp_ratio,2020,57.5291066600453
MEX,Mexico,lfp_ratio,2021,58.1886713706259
MEX,Mexico,lfp_ratio,2022,59.5028067361668
MEX,Mexico,lfp_ratio,2023,61.0140423721164
MEX,Mexico,lfp_ratio,2024,61.4051673897559
MEX,Mexico,lfp_ratio,2025,61.5330748382244
MEX,Mexico,tertiary_gpi,2000,0.897130012512207
MEX,Mexico,tertiary_gpi,2001,0.906780004501343
MEX,Mexico,tertiary_gpi,2002,0.918619990348816
MEX,Mexico,tertiary_gpi,2003,0.934729993343353
MEX,Mexico,tertiary_gpi,2004,0.951110005378723
MEX,Mexico,tertiary_gpi,2005,0.965690016746521
MEX,Mexico,tertiary_gpi,2006,0.96763002872467
MEX,Mexico,tertiary_gpi,2007,0.971909999847412
MEX,Mexico,tertiary_gpi,2008,0.97639000415802
MEX,Mexico,tertiary_gpi,2009,0.982320010662079
MEX,Mexico,tertiary_gpi,2010,0.983129978179932
MEX,Mexico,tertiary_gpi,2011,0.982800006866455
MEX,Mexico,tertiary_gpi,2012,0.982620000839233
MEX,Mexico,tertiary_gpi,2013,0.980159997940063
MEX,Mexico,tertiary_gpi,2014,0.986050009727478
MEX,Mexico,tertiary_gpi,2015,0.98760998249054
MEX,Mexico,tertiary_gpi,2016,1.01208996772766
MEX,Mexico,tertiary_gpi,2017,1.02585005760193
MEX,Mexico,tertiary_gpi,2018,1.04387998580933
MEX,Mexico,tertiary_gpi,2019,1.05839002132416
MEX,Mexico,tertiary_gpi,2020,1.07974994182587
MEX,Mexico,tertiary_gpi,2021,1.11513996124268
MEX,Mexico,tertiary_gpi,2022,1.15149998664856
MEX,Mexico,tertiary_gpi,2023,1.15832996368408
MEX,Mexico,tertiary_gpi,2024,1.16029000282288
MEX,Mexico,gdp_pc,1990,17169.5925859795
MEX,Mexico,gdp_pc,1991,17511.7313112492
MEX,Mexico,gdp_pc,1992,17796.4059662866
MEX,Mexico,gdp_pc,1993,17970.5871869693
MEX,Mexico,gdp_pc,1994,18422.8199296267
MEX,Mexico,gdp_pc,1995,17028.1215022837
MEX,Mexico,gdp_pc,1996,17775.8727889128
MEX,Mexico,gdp_pc,1997,18737.6426464292
MEX,Mexico,gdp_pc,1998,19573.0654561328
MEX,Mexico,gdp_pc,1999,19793.2852863293
MEX,Mexico,gdp_pc,2000,20470.4937669158
MEX,Mexico,gdp_pc,2001,20078.2183931307
MEX,Mexico,gdp_pc,2002,19744.7933675609
MEX,Mexico,gdp_pc,2003,19701.4633898714
MEX,Mexico,gdp_pc,2004,20127.2242902968
MEX,Mexico,gdp_pc,2005,20277.2552852007
MEX,Mexico,gdp_pc,2006,20965.8256087044
MEX,Mexico,gdp_pc,2007,21102.2688338349
MEX,Mexico,gdp_pc,2008,20992.5602662364
MEX,Mexico,gdp_pc,2009,19385.5437251877
MEX,Mexico,gdp_pc,2010,20058.3854882301
MEX,Mexico,gdp_pc,2011,20457.6001677783
MEX,Mexico,gdp_pc,2012,20898.935720908
MEX,Mexico,gdp_pc,2013,20805.3480406564
MEX,Mexico,gdp_pc,2014,21069.7661653886
MEX,Mexico,gdp_pc,2015,21408.9283216195
MEX,Mexico,gdp_pc,2016,21578.263354126
MEX,Mexico,gdp_pc,2017,21777.5225127275
MEX,Mexico,gdp_pc,2018,21997.7730219494
MEX,Mexico,gdp_pc,2019,21704.185952748
MEX,Mexico,gdp_pc,2020,19728.4817827455
MEX,Mexico,gdp_pc,2021,20782.5877440905
MEX,Mexico,gdp_pc,2022,21391.8573698845
MEX,Mexico,gdp_pc,2023,21864.9236104145
MEX,Mexico,gdp_pc,2024,21970.3520412926
MEX,Mexico,gdp_pc,2025,21911.9292842747
NLD,Netherlands,tfr,1960,3.12
NLD,Netherlands,tfr,1961,3.22
NLD,Netherlands,tfr,1962,3.18
NLD,Netherlands,tfr,1963,3.19
NLD,Netherlands,tfr,1964,3.17
NLD,Netherlands,tfr,1965,3.04
NLD,Netherlands,tfr,1966,2.9
NLD,Netherlands,tfr,1967,2.81
NLD,Netherlands,tfr,1968,2.72
NLD,Netherlands,tfr,1969,2.75
NLD,Netherlands,tfr,1970,2.57
NLD,Netherlands,tfr,1971,2.36
NLD,Netherlands,tfr,1972,2.15
NLD,Netherlands,tfr,1973,1.9
NLD,Netherlands,tfr,1974,1.77
NLD,Netherlands,tfr,1975,1.66
NLD,Netherlands,tfr,1976,1.63
NLD,Netherlands,tfr,1977,1.58
NLD,Netherlands,tfr,1978,1.58
NLD,Netherlands,tfr,1979,1.56
NLD,Netherlands,tfr,1980,1.6
NLD,Netherlands,tfr,1981,1.56
NLD,Netherlands,tfr,1982,1.5
NLD,Netherlands,tfr,1983,1.47
NLD,Netherlands,tfr,1984,1.49
NLD,Netherlands,tfr,1985,1.51
NLD,Netherlands,tfr,1986,1.55
NLD,Netherlands,tfr,1987,1.56
NLD,Netherlands,tfr,1988,1.55
NLD,Netherlands,tfr,1989,1.55
NLD,Netherlands,tfr,1990,1.62
NLD,Netherlands,tfr,1991,1.61
NLD,Netherlands,tfr,1992,1.59
NLD,Netherlands,tfr,1993,1.57
NLD,Netherlands,tfr,1994,1.57
NLD,Netherlands,tfr,1995,1.53
NLD,Netherlands,tfr,1996,1.53
NLD,Netherlands,tfr,1997,1.56
NLD,Netherlands,tfr,1998,1.63
NLD,Netherlands,tfr,1999,1.65
NLD,Netherlands,tfr,2000,1.72
NLD,Netherlands,tfr,2001,1.71
NLD,Netherlands,tfr,2002,1.73
NLD,Netherlands,tfr,2003,1.75
NLD,Netherlands,tfr,2004,1.72
NLD,Netherlands,tfr,2005,1.71
NLD,Netherlands,tfr,2006,1.72
NLD,Netherlands,tfr,2007,1.72
NLD,Netherlands,tfr,2008,1.77
NLD,Netherlands,tfr,2009,1.79
NLD,Netherlands,tfr,2010,1.79
NLD,Netherlands,tfr,2011,1.76
NLD,Netherlands,tfr,2012,1.72
NLD,Netherlands,tfr,2013,1.68
NLD,Netherlands,tfr,2014,1.71
NLD,Netherlands,tfr,2015,1.66
NLD,Netherlands,tfr,2016,1.66
NLD,Netherlands,tfr,2017,1.62
NLD,Netherlands,tfr,2018,1.59
NLD,Netherlands,tfr,2019,1.57
NLD,Netherlands,tfr,2020,1.54
NLD,Netherlands,tfr,2021,1.62
NLD,Netherlands,tfr,2022,1.49
NLD,Netherlands,tfr,2023,1.43
NLD,Netherlands,tfr,2024,1.43
NLD,Netherlands,lfp_ratio,1990,70.706384505941
NLD,Netherlands,lfp_ratio,1991,71.3164475793524
NLD,Netherlands,lfp_ratio,1992,72.1446749440888
NLD,Netherlands,lfp_ratio,1993,72.4972978537238
NLD,Netherlands,lfp_ratio,1994,72.7426149466009
NLD,Netherlands,lfp_ratio,1995,72.6737671770964
NLD,Netherlands,lfp_ratio,1996,73.2348048129377
NLD,Netherlands,lfp_ratio,1997,73.8893480731481
NLD,Netherlands,lfp_ratio,1998,74.5677894872955
NLD,Netherlands,lfp_ratio,1999,75.5162853367191
NLD,Netherlands,lfp_ratio,2000,76.529234603801
NLD,Netherlands,lfp_ratio,2001,77.6130882544649
NLD,Netherlands,lfp_ratio,2002,78.505273652726
NLD,Netherlands,lfp_ratio,2003,79.1040637955164
NLD,Netherlands,lfp_ratio,2004,79.2496618306236
NLD,Netherlands,lfp_ratio,2005,79.1413490047998
NLD,Netherlands,lfp_ratio,2006,79.7882283822037
NLD,Netherlands,lfp_ratio,2007,80.2712617823479
NLD,Netherlands,lfp_ratio,2008,81.0040614325291
NLD,Netherlands,lfp_ratio,2009,81.5204424682789
NLD,Netherlands,lfp_ratio,2010,82.6015457983884
NLD,Netherlands,lfp_ratio,2011,83.5378055007383
NLD,Netherlands,lfp_ratio,2012,84.0211290855068
NLD,Netherlands,lfp_ratio,2013,84.0199870607183
NLD,Netherlands,lfp_ratio,2014,83.4085247716579
NLD,Netherlands,lfp_ratio,2015,83.9458921712217
NLD,Netherlands,lfp_ratio,2016,84.553568945861
NLD,Netherlands,lfp_ratio,2017,85.1209282818398
NLD,Netherlands,lfp_ratio,2018,85.1707901482224
NLD,Netherlands,lfp_ratio,2019,85.7476635514019
NLD,Netherlands,lfp_ratio,2020,86.4677229718381
NLD,Netherlands,lfp_ratio,2021,86.8127244165171
NLD,Netherlands,lfp_ratio,2022,86.8813531078154
NLD,Netherlands,lfp_ratio,2023,87.031926929551
NLD,Netherlands,lfp_ratio,2024,87.1533312081607
NLD,Netherlands,lfp_ratio,2025,87.2280643187003
NLD,Netherlands,tertiary_gpi,2001,1.05074000358581
NLD,Netherlands,tertiary_gpi,2002,1.06113004684448
NLD,Netherlands,tertiary_gpi,2003,1.07597994804382
NLD,Netherlands,tertiary_gpi,2004,1.06991994380951
NLD,Netherlands,tertiary_gpi,2005,1.07091999053955
NLD,Netherlands,tertiary_gpi,2006,1.07604002952576
NLD,Netherlands,tertiary_gpi,2007,1.08791995048523
NLD,Netherlands,tertiary_gpi,2008,1.09292995929718
NLD,Netherlands,tertiary_gpi,2009,1.09959995746613
NLD,Netherlands,tertiary_gpi,2010,1.10100996494293
NLD,Netherlands,tertiary_gpi,2011,1.09917998313904
NLD,Netherlands,tertiary_gpi,2012,1.08034002780914
NLD,Netherlands,tertiary_gpi,2015,1.11700999736786
NLD,Netherlands,tertiary_gpi,2016,1.10703003406525
NLD,Netherlands,tertiary_gpi,2017,1.11951994895935
NLD,Netherlands,tertiary_gpi,2018,1.11073005199432
NLD,Netherlands,tertiary_gpi,2020,1.12839996814728
NLD,Netherlands,tertiary_gpi,2021,1.14528000354767
NLD,Netherlands,tertiary_gpi,2023,1.16398000717163
NLD,Netherlands,gdp_pc,1990,43128.3071656086
NLD,Netherlands,gdp_pc,1991,43833.4785051351
NLD,Netherlands,gdp_pc,1992,44245.5198247957
NLD,Netherlands,gdp_pc,1993,44490.7504466441
NLD,Netherlands,gdp_pc,1994,45532.7986659915
NLD,Netherlands,gdp_pc,1995,46720.2819318959
NLD,Netherlands,gdp_pc,1996,48095.986838021
NLD,Netherlands,gdp_pc,1997,49881.8947516083
NLD,Netherlands,gdp_pc,1998,51879.3596710206
NLD,Netherlands,gdp_pc,1999,54134.3514543153
NLD,Netherlands,gdp_pc,2000,56016.8327946434
NLD,Netherlands,gdp_pc,2001,56887.3976406444
NLD,Netherlands,gdp_pc,2002,56664.4027354437
NLD,Netherlands,gdp_pc,2003,56452.8695506734
NLD,Netherlands,gdp_pc,2004,57391.3516342059
NLD,Netherlands,gdp_pc,2005,58422.0304069674
NLD,Netherlands,gdp_pc,2006,60391.5155033324
NLD,Netherlands,gdp_pc,2007,62601.6612832425
NLD,Netherlands,gdp_pc,2008,63678.4005491428
NLD,Netherlands,gdp_pc,2009,61029.7329801783
NLD,Netherlands,gdp_pc,2010,61518.5768954231
NLD,Netherlands,gdp_pc,2011,62318.1391154389
NLD,Netherlands,gdp_pc,2012,61480.8416416324
NLD,Netherlands,gdp_pc,2013,61281.3125686741
NLD,Netherlands,gdp_pc,2014,62045.849197561
NLD,Netherlands,gdp_pc,2015,63081.4083495966
NLD,Netherlands,gdp_pc,2016,64267.7476553623
NLD,Netherlands,gdp_pc,2017,65665.9910229578
NLD,Netherlands,gdp_pc,2018,66758.2454283317
NLD,Netherlands,gdp_pc,2019,67847.8818461095
NLD,Netherlands,gdp_pc,2020,64862.1890353474
NLD,Netherlands,gdp_pc,2021,68573.5648786447
NLD,Netherlands,gdp_pc,2022,71324.0360229425
NLD,Netherlands,gdp_pc,2023,70198.9546022361
NLD,Netherlands,gdp_pc,2024,70493.9051219267
NLD,Netherlands,gdp_pc,2025,71378.4856331012
NZL,New Zealand,tfr,1960,4.24
NZL,New Zealand,tfr,1961,4.31
NZL,New Zealand,tfr,1962,4.19
NZL,New Zealand,tfr,1963,4.05
NZL,New Zealand,tfr,1964,3.8
NZL,New Zealand,tfr,1965,3.54
NZL,New Zealand,tfr,1966,3.41
NZL,New Zealand,tfr,1967,3.35
NZL,New Zealand,tfr,1968,3.34
NZL,New Zealand,tfr,1969,3.28
NZL,New Zealand,tfr,1970,3.17
NZL,New Zealand,tfr,1971,3.18
NZL,New Zealand,tfr,1972,3.0
NZL,New Zealand,tfr,1973,2.76
NZL,New Zealand,tfr,1974,2.58
NZL,New Zealand,tfr,1975,2.37
NZL,New Zealand,tfr,1976,2.27
NZL,New Zealand,tfr,1977,2.21
NZL,New Zealand,tfr,1978,2.07
NZL,New Zealand,tfr,1979,2.12
NZL,New Zealand,tfr,1980,2.03
NZL,New Zealand,tfr,1981,2.01
NZL,New Zealand,tfr,1982,1.95
NZL,New Zealand,tfr,1983,1.92
NZL,New Zealand,tfr,1984,1.93
NZL,New Zealand,tfr,1985,1.93
NZL,New Zealand,tfr,1986,1.96
NZL,New Zealand,tfr,1987,2.03
NZL,New Zealand,tfr,1988,2.1
NZL,New Zealand,tfr,1989,2.12
NZL,New Zealand,tfr,1990,2.18
NZL,New Zealand,tfr,1991,2.09
NZL,New Zealand,tfr,1992,2.06
NZL,New Zealand,tfr,1993,2.04
NZL,New Zealand,tfr,1994,1.98
NZL,New Zealand,tfr,1995,1.98
NZL,New Zealand,tfr,1996,1.96
NZL,New Zealand,tfr,1997,1.96
NZL,New Zealand,tfr,1998,1.89
NZL,New Zealand,tfr,1999,1.97
NZL,New Zealand,tfr,2000,1.98
NZL,New Zealand,tfr,2001,1.97
NZL,New Zealand,tfr,2002,1.89
NZL,New Zealand,tfr,2003,1.93
NZL,New Zealand,tfr,2004,1.98
NZL,New Zealand,tfr,2005,1.97
NZL,New Zealand,tfr,2006,2.01
NZL,New Zealand,tfr,2007,2.18
NZL,New Zealand,tfr,2008,2.19
NZL,New Zealand,tfr,2009,2.13
NZL,New Zealand,tfr,2010,2.17
NZL,New Zealand,tfr,2011,2.09
NZL,New Zealand,tfr,2012,2.1
NZL,New Zealand,tfr,2013,2.01
NZL,New Zealand,tfr,2014,1.92
NZL,New Zealand,tfr,2015,1.99
NZL,New Zealand,tfr,2016,1.87
NZL,New Zealand,tfr,2017,1.81
NZL,New Zealand,tfr,2018,1.71
NZL,New Zealand,tfr,2019,1.72
NZL,New Zealand,tfr,2020,1.62
NZL,New Zealand,tfr,2021,1.65
NZL,New Zealand,tfr,2022,1.67
NZL,New Zealand,tfr,2023,1.57
NZL,New Zealand,tfr,2024,1.57
NZL,New Zealand,lfp_ratio,1990,71.9328048320121
NZL,New Zealand,lfp_ratio,1991,72.7881837540181
NZL,New Zealand,lfp_ratio,1992,73.0883500595572
NZL,New Zealand,lfp_ratio,1993,73.0243775436096
NZL,New Zealand,lfp_ratio,1994,74.0871838157214
NZL,New Zealand,lfp_ratio,1995,74.6429344297771
NZL,New Zealand,lfp_ratio,1996,76.0950649700397
NZL,New Zealand,lfp_ratio,1997,76.1351978834836
NZL,New Zealand,lfp_ratio,1998,76.7785308115037
NZL,New Zealand,lfp_ratio,1999,77.3689316408652
NZL,New Zealand,lfp_ratio,2000,77.348224513173
NZL,New Zealand,lfp_ratio,2001,78.2793624047072
NZL,New Zealand,lfp_ratio,2002,78.4776902887139
NZL,New Zealand,lfp_ratio,2003,79.7241604439548
NZL,New Zealand,lfp_ratio,2004,79.6161099137931
NZL,New Zealand,lfp_ratio,2005,80.3677699765964
NZL,New Zealand,lfp_ratio,2006,80.531878169893
NZL,New Zealand,lfp_ratio,2007,81.1476497598004
NZL,New Zealand,lfp_ratio,2008,81.9901798580349
NZL,New Zealand,lfp_ratio,2009,82.6679387774299
NZL,New Zealand,lfp_ratio,2010,82.8054603825505
NZL,New Zealand,lfp_ratio,2011,83.2028938733796
NZL,New Zealand,lfp_ratio,2012,84.1994515489669
NZL,New Zealand,lfp_ratio,2013,84.5157503958072
NZL,New Zealand,lfp_ratio,2014,84.7597334268678
NZL,New Zealand,lfp_ratio,2015,84.6725849689491
NZL,New Zealand,lfp_ratio,2016,85.0695320697579
NZL,New Zealand,lfp_ratio,2017,85.1537089497429
NZL,New Zealand,lfp_ratio,2018,85.8464737936663
NZL,New Zealand,lfp_ratio,2019,86.8652746375848
NZL,New Zealand,lfp_ratio,2020,86.0347900098412
NZL,New Zealand,lfp_ratio,2021,87.0631644611975
NZL,New Zealand,lfp_ratio,2022,87.7543734380578
NZL,New Zealand,lfp_ratio,2023,87.8068621662402
NZL,New Zealand,lfp_ratio,2024,88.3777078220041
NZL,New Zealand,lfp_ratio,2025,88.4103346311832
NZL,New Zealand,tertiary_gpi,2013,1.30406999588013
NZL,New Zealand,tertiary_gpi,2014,1.29576003551483
NZL,New Zealand,tertiary_gpi,2015,1.29209005832672
NZL,New Zealand,tertiary_gpi,2016,1.30125999450684
NZL,New Zealand,tertiary_gpi,2017,1.31057000160217
NZL,New Zealand,tertiary_gpi,2018,1.32513999938965
NZL,New Zealand,tertiary_gpi,2019,1.35318994522095
NZL,New Zealand,tertiary_gpi,2020,1.36304998397827
NZL,New Zealand,tertiary_gpi,2021,1.38823997974396
NZL,New Zealand,tertiary_gpi,2022,1.40137994289398
NZL,New Zealand,tertiary_gpi,2023,1.39020001888275
NZL,New Zealand,tertiary_gpi,2024,1.38266003131866
NZL,New Zealand,gdp_pc,1990,30785.701752556
NZL,New Zealand,gdp_pc,1991,29014.1499420181
NZL,New Zealand,gdp_pc,1992,29029.5811361611
NZL,New Zealand,gdp_pc,1993,30532.5880166798
NZL,New Zealand,gdp_pc,1994,31669.5406509196
NZL,New Zealand,gdp_pc,1995,32687.4657703706
NZL,New Zealand,gdp_pc,1996,33329.5301011769
NZL,New Zealand,gdp_pc,1997,33577.7254994905
NZL,New Zealand,gdp_pc,1998,33565.7312220905
NZL,New Zealand,gdp_pc,1999,35187.2357200331
NZL,New Zealand,gdp_pc,2000,35984.6288016116
NZL,New Zealand,gdp_pc,2001,36995.0603198774
NZL,New Zealand,gdp_pc,2002,38072.2713835052
NZL,New Zealand,gdp_pc,2003,39092.3455202712
NZL,New Zealand,gdp_pc,2004,40091.1399487332
NZL,New Zealand,gdp_pc,2005,40970.295838255
NZL,New Zealand,gdp_pc,2006,41596.8311289998
NZL,New Zealand,gdp_pc,2007,42473.1182614499
NZL,New Zealand,gdp_pc,2008,41682.2459069155
NZL,New Zealand,gdp_pc,2009,41250.9985717425
NZL,New Zealand,gdp_pc,2010,41395.370375582
NZL,New Zealand,gdp_pc,2011,41961.9202263641
NZL,New Zealand,gdp_pc,2012,42693.4234516571
NZL,New Zealand,gdp_pc,2013,43453.2814172317
NZL,New Zealand,gdp_pc,2014,44369.7664241859
NZL,New Zealand,gdp_pc,2015,45097.016468387
NZL,New Zealand,gdp_pc,2016,45746.135981069
NZL,New Zealand,gdp_pc,2017,46285.9810980642
NZL,New Zealand,gdp_pc,2018,46974.6818400482
NZL,New Zealand,gdp_pc,2019,47392.1933135172
NZL,New Zealand,gdp_pc,2020,46326.3804672976
NZL,New Zealand,gdp_pc,2021,48202.0913368233
NZL,New Zealand,gdp_pc,2022,49842.9845334162
NZL,New Zealand,gdp_pc,2023,49592.5875512098
NZL,New Zealand,gdp_pc,2024,48325.3650985684
NZL,New Zealand,gdp_pc,2025,48232.6651994696
NOR,Norway,tfr,1960,2.85
NOR,Norway,tfr,1961,2.94
NOR,Norway,tfr,1962,2.91
NOR,Norway,tfr,1963,2.93
NOR,Norway,tfr,1964,2.98
NOR,Norway,tfr,1965,2.94
NOR,Norway,tfr,1966,2.9
NOR,Norway,tfr,1967,2.81
NOR,Norway,tfr,1968,2.75
NOR,Norway,tfr,1969,2.7
NOR,Norway,tfr,1970,2.5
NOR,Norway,tfr,1971,2.49
NOR,Norway,tfr,1972,2.38
NOR,Norway,tfr,1973,2.23
NOR,Norway,tfr,1974,2.13
NOR,Norway,tfr,1975,1.98
NOR,Norway,tfr,1976,1.86
NOR,Norway,tfr,1977,1.75
NOR,Norway,tfr,1978,1.77
NOR,Norway,tfr,1979,1.75
NOR,Norway,tfr,1980,1.72
NOR,Norway,tfr,1981,1.7
NOR,Norway,tfr,1982,1.71
NOR,Norway,tfr,1983,1.66
NOR,Norway,tfr,1984,1.66
NOR,Norway,tfr,1985,1.68
NOR,Norway,tfr,1986,1.71
NOR,Norway,tfr,1987,1.74
NOR,Norway,tfr,1988,1.84
NOR,Norway,tfr,1989,1.89
NOR,Norway,tfr,1990,1.93
NOR,Norway,tfr,1991,1.92
NOR,Norway,tfr,1992,1.88
NOR,Norway,tfr,1993,1.86
NOR,Norway,tfr,1994,1.87
NOR,Norway,tfr,1995,1.87
NOR,Norway,tfr,1996,1.89
NOR,Norway,tfr,1997,1.86
NOR,Norway,tfr,1998,1.81
NOR,Norway,tfr,1999,1.85
NOR,Norway,tfr,2000,1.85
NOR,Norway,tfr,2001,1.78
NOR,Norway,tfr,2002,1.75
NOR,Norway,tfr,2003,1.8
NOR,Norway,tfr,2004,1.83
NOR,Norway,tfr,2005,1.84
NOR,Norway,tfr,2006,1.9
NOR,Norway,tfr,2007,1.9
NOR,Norway,tfr,2008,1.96
NOR,Norway,tfr,2009,1.98
NOR,Norway,tfr,2010,1.95
NOR,Norway,tfr,2011,1.88
NOR,Norway,tfr,2012,1.85
NOR,Norway,tfr,2013,1.78
NOR,Norway,tfr,2014,1.75
NOR,Norway,tfr,2015,1.72
NOR,Norway,tfr,2016,1.71
NOR,Norway,tfr,2017,1.62
NOR,Norway,tfr,2018,1.56
NOR,Norway,tfr,2019,1.53
NOR,Norway,tfr,2020,1.48
NOR,Norway,tfr,2021,1.55
NOR,Norway,tfr,2022,1.41
NOR,Norway,tfr,2023,1.4
NOR,Norway,tfr,2024,1.45
NOR,Norway,lfp_ratio,1990,74.6706849470125
NOR,Norway,lfp_ratio,1991,75.2046403974258
NOR,Norway,lfp_ratio,1992,75.5735056542811
NOR,Norway,lfp_ratio,1993,76.2585900432476
NOR,Norway,lfp_ratio,1994,77.4543219534
NOR,Norway,lfp_ratio,1995,78.0065531891262
NOR,Norway,lfp_ratio,1996,79.6353300055463
NOR,Norway,lfp_ratio,1997,80.8270053845092
NOR,Norway,lfp_ratio,1998,82.0365549632935
NOR,Norway,lfp_ratio,1999,83.6296868960186
NOR,Norway,lfp_ratio,2000,84.4908428949691
NOR,Norway,lfp_ratio,2001,84.8772904858857
NOR,Norway,lfp_ratio,2002,85.8537527061127
NOR,Norway,lfp_ratio,2003,86.4384299747171
NOR,Norway,lfp_ratio,2004,87.1907223619827
NOR,Norway,lfp_ratio,2005,87.1596509098918
NOR,Norway,lfp_ratio,2006,88.3472500172521
NOR,Norway,lfp_ratio,2007,89.0362926048123
NOR,Norway,lfp_ratio,2008,89.1919526888852
NOR,Norway,lfp_ratio,2009,89.6019949012997
NOR,Norway,lfp_ratio,2010,89.9047001437957
NOR,Norway,lfp_ratio,2011,90.3851333153784
NOR,Norway,lfp_ratio,2012,89.9786176524731
NOR,Norway,lfp_ratio,2013,90.4671806982104
NOR,Norway,lfp_ratio,2014,90.345646173867
NOR,Norway,lfp_ratio,2015,90.4207379007453
NOR,Norway,lfp_ratio,2016,90.7286008615846
NOR,Norway,lfp_ratio,2017,91.233231862738
NOR,Norway,lfp_ratio,2018,90.5417323290008
NOR,Norway,lfp_ratio,2019,90.5189231369489
NOR,Norway,lfp_ratio,2020,90.7573644762071
NOR,Norway,lfp_ratio,2021,89.9363610066532
NOR,Norway,lfp_ratio,2022,89.6747102303776
NOR,Norway,lfp_ratio,2023,89.7566521319921
NOR,Norway,lfp_ratio,2024,89.8291152930997
NOR,Norway,lfp_ratio,2025,89.8585963845831
NOR,Norway,tertiary_gpi,2001,1.33480000495911
NOR,Norway,tertiary_gpi,2002,1.34694004058838
NOR,Norway,tertiary_gpi,2003,1.34927999973297
NOR,Norway,tertiary_gpi,2004,1.34567999839783
NOR,Norway,tertiary_gpi,2005,1.34516000747681
NOR,Norway,tertiary_gpi,2006,1.35451996326447
NOR,Norway,tertiary_gpi,2007,1.36712002754211
NOR,Norway,tertiary_gpi,2008,1.38349997997284
NOR,Norway,tertiary_gpi,2009,1.39055001735687
NOR,Norway,tertiary_gpi,2010,1.3806699514389
NOR,Norway,tertiary_gpi,2011,1.36731994152069
NOR,Norway,tertiary_gpi,2012,1.36809003353119
NOR,Norway,tertiary_gpi,2013,1.33554995059967
NOR,Norway,tertiary_gpi,2014,1.31116998195648
NOR,Norway,tertiary_gpi,2015,1.31605005264282
NOR,Norway,tertiary_gpi,2016,1.32676994800568
NOR,Norway,tertiary_gpi,2017,1.33156001567841
NOR,Norway,tertiary_gpi,2018,1.32647001743317
NOR,Norway,tertiary_gpi,2019,1.32823002338409
NOR,Norway,tertiary_gpi,2020,1.33463001251221
NOR,Norway,tertiary_gpi,2021,1.33692002296448
NOR,Norway,tertiary_gpi,2022,1.33686995506287
NOR,Norway,tertiary_gpi,2023,1.33175003528595
NOR,Norway,tertiary_gpi,2024,1.33644998073578
NOR,Norway,gdp_pc,1990,56608.2547514372
NOR,Norway,gdp_pc,1991,57949.698676313
NOR,Norway,gdp_pc,1992,59669.7590202519
NOR,Norway,gdp_pc,1993,61019.8161031696
NOR,Norway,gdp_pc,1994,63730.8964637618
NOR,Norway,gdp_pc,1995,66033.8837831197
NOR,Norway,gdp_pc,1996,68964.9756218258
NOR,Norway,gdp_pc,1997,72084.8139194678
NOR,Norway,gdp_pc,1998,73610.1896687065
NOR,Norway,gdp_pc,1999,74703.5199133097
NOR,Norway,gdp_pc,2000,76775.9420600924
NOR,Norway,gdp_pc,2001,78041.0146260585
NOR,Norway,gdp_pc,2002,78752.5931631095
NOR,Norway,gdp_pc,2003,79150.3962863661
NOR,Norway,gdp_pc,2004,82091.1935035949
NOR,Norway,gdp_pc,2005,83955.3365007578
NOR,Norway,gdp_pc,2006,85653.1367825864
NOR,Norway,gdp_pc,2007,87670.8617980792
NOR,Norway,gdp_pc,2008,87297.3980291813
NOR,Norway,gdp_pc,2009,84812.6851277638
NOR,Norway,gdp_pc,2010,84604.5143891947
NOR,Norway,gdp_pc,2011,84670.8344398355
NOR,Norway,gdp_pc,2012,85925.8723352057
NOR,Norway,gdp_pc,2013,85973.7694976801
NOR,Norway,gdp_pc,2014,86790.7924625691
NOR,Norway,gdp_pc,2015,87688.1196708993
NOR,Norway,gdp_pc,2016,88041.6414808956
NOR,Norway,gdp_pc,2017,89664.9086415829
NOR,Norway,gdp_pc,2018,90064.0687974358
NOR,Norway,gdp_pc,2019,90772.9017041865
NOR,Norway,gdp_pc,2020,89012.2723804504
NOR,Norway,gdp_pc,2021,92205.7698636049
NOR,Norway,gdp_pc,2022,95109.8201605729
NOR,Norway,gdp_pc,2023,94364.9641754336
NOR,Norway,gdp_pc,2024,94803.6704931641
NOR,Norway,gdp_pc,2025,95173.4308224367
POL,Poland,tfr,1960,2.98
POL,Poland,tfr,1961,2.83
POL,Poland,tfr,1962,2.72
POL,Poland,tfr,1963,2.7
POL,Poland,tfr,1964,2.57
POL,Poland,tfr,1965,2.52
POL,Poland,tfr,1966,2.34
POL,Poland,tfr,1967,2.33
POL,Poland,tfr,1968,2.24
POL,Poland,tfr,1969,2.2
POL,Poland,tfr,1970,2.2
POL,Poland,tfr,1971,2.25
POL,Poland,tfr,1972,2.24
POL,Poland,tfr,1973,2.26
POL,Poland,tfr,1974,2.26
POL,Poland,tfr,1975,2.27
POL,Poland,tfr,1976,2.3
POL,Poland,tfr,1977,2.23
POL,Poland,tfr,1978,2.21
POL,Poland,tfr,1979,2.28
POL,Poland,tfr,1980,2.28
POL,Poland,tfr,1981,2.24
POL,Poland,tfr,1982,2.34
POL,Poland,tfr,1983,2.42
POL,Poland,tfr,1984,2.37
POL,Poland,tfr,1985,2.33
POL,Poland,tfr,1986,2.22
POL,Poland,tfr,1987,2.15
POL,Poland,tfr,1988,2.13
POL,Poland,tfr,1989,2.08
POL,Poland,tfr,1990,2.06
POL,Poland,tfr,1991,2.07
POL,Poland,tfr,1992,1.95
POL,Poland,tfr,1993,1.87
POL,Poland,tfr,1994,1.81
POL,Poland,tfr,1995,1.62
POL,Poland,tfr,1996,1.59
POL,Poland,tfr,1997,1.51
POL,Poland,tfr,1998,1.44
POL,Poland,tfr,1999,1.37
POL,Poland,tfr,2000,1.37
POL,Poland,tfr,2001,1.31
POL,Poland,tfr,2002,1.25
POL,Poland,tfr,2003,1.22
POL,Poland,tfr,2004,1.23
POL,Poland,tfr,2005,1.24
POL,Poland,tfr,2006,1.27
POL,Poland,tfr,2007,1.31
POL,Poland,tfr,2008,1.39
POL,Poland,tfr,2009,1.4
POL,Poland,tfr,2010,1.41
POL,Poland,tfr,2011,1.33
POL,Poland,tfr,2012,1.33
POL,Poland,tfr,2013,1.29
POL,Poland,tfr,2014,1.32
POL,Poland,tfr,2015,1.32
POL,Poland,tfr,2016,1.39
POL,Poland,tfr,2017,1.48
POL,Poland,tfr,2018,1.46
POL,Poland,tfr,2019,1.44
POL,Poland,tfr,2020,1.39
POL,Poland,tfr,2021,1.33
POL,Poland,tfr,2022,1.29
POL,Poland,tfr,2023,1.2
POL,Poland,tfr,2024,1.14
POL,Poland,lfp_ratio,1990,77.0689903499928
POL,Poland,lfp_ratio,1991,76.8732257046999
POL,Poland,lfp_ratio,1992,76.8375415904475
POL,Poland,lfp_ratio,1993,76.8926216503399
POL,Poland,lfp_ratio,1994,77.612866984005
POL,Poland,lfp_ratio,1995,77.2944392705861
POL,Poland,lfp_ratio,1996,77.0816283228759
POL,Poland,lfp_ratio,1997,76.2733927532237
POL,Poland,lfp_ratio,1998,76.6681628925658
POL,Poland,lfp_ratio,1999,77.1975262133484
POL,Poland,lfp_ratio,2000,77.22443664544
POL,Poland,lfp_ratio,2001,77.9661016949153
POL,Poland,lfp_ratio,2002,77.6751384036121
POL,Poland,lfp_ratio,2003,77.4858262531519
POL,Poland,lfp_ratio,2004,76.8446648845374
POL,Poland,lfp_ratio,2005,76.1278675953735
POL,Poland,lfp_ratio,2006,75.4935877838029
POL,Poland,lfp_ratio,2007,75.3310430476928
POL,Poland,lfp_ratio,2008,75.072496096364
POL,Poland,lfp_ratio,2009,75.3506477133041
POL,Poland,lfp_ratio,2010,76.1699209923486
POL,Poland,lfp_ratio,2011,75.9437327460529
POL,Poland,lfp_ratio,2012,76.1624049011589
POL,Poland,lfp_ratio,2013,75.8949770281521
POL,Poland,lfp_ratio,2014,75.9188302731202
POL,Poland,lfp_ratio,2015,75.8964692901802
POL,Poland,lfp_ratio,2016,75.6545859115433
POL,Poland,lfp_ratio,2017,75.3711221522055
POL,Poland,lfp_ratio,2018,75.7164335505035
POL,Poland,lfp_ratio,2019,75.1500090914601
POL,Poland,lfp_ratio,2020,74.5977741486723
POL,Poland,lfp_ratio,2021,75.9801437047196
POL,Poland,lfp_ratio,2022,77.0899636917836
POL,Poland,lfp_ratio,2023,78.0963920301562
POL,Poland,lfp_ratio,2024,78.6846732145022
POL,Poland,lfp_ratio,2025,78.6876248265768
POL,Poland,tertiary_gpi,2001,1.30027997493744
POL,Poland,tertiary_gpi,2002,1.29723000526428
POL,Poland,tertiary_gpi,2003,1.2948499917984
POL,Poland,tertiary_gpi,2004,1.28750002384186
POL,Poland,tertiary_gpi,2005,1.2873500585556
POL,Poland,tertiary_gpi,2006,1.28480994701385
POL,Poland,tertiary_gpi,2007,1.2835099697113
POL,Poland,tertiary_gpi,2008,1.28917002677918
POL,Poland,tertiary_gpi,2009,1.29865002632141
POL,Poland,tertiary_gpi,2010,1.33747005462647
POL,Poland,tertiary_gpi,2011,1.35728001594544
POL,Poland,tertiary_gpi,2012,1.35659003257752
POL,Poland,tertiary_gpi,2013,1.35608005523682
POL,Poland,tertiary_gpi,2014,1.34309005737305
POL,Poland,tertiary_gpi,2015,1.33297002315521
POL,Poland,tertiary_gpi,2016,1.33263003826141
POL,Poland,tertiary_gpi,2017,1.33334994316101
POL,Poland,tertiary_gpi,2018,1.34010004997253
POL,Poland,tertiary_gpi,2019,1.34850001335144
POL,Poland,tertiary_gpi,2020,1.3348400592804
POL,Poland,tertiary_gpi,2021,1.33723998069763
POL,Poland,tertiary_gpi,2022,1.35409998893738
POL,Poland,tertiary_gpi,2023,1.34798002243042
POL,Poland,tertiary_gpi,2024,1.365110039711
POL,Poland,gdp_pc,1990,12821.4636316574
POL,Poland,gdp_pc,1991,11879.7539252619
POL,Poland,gdp_pc,1992,12141.2351323725
POL,Poland,gdp_pc,1993,12563.1045363124
POL,Poland,gdp_pc,1994,13200.1614164951
POL,Poland,gdp_pc,1995,14227.5663687798
POL,Poland,gdp_pc,1996,15083.09812162
POL,Poland,gdp_pc,1997,16031.7211485265
POL,Poland,gdp_pc,1998,16766.6492883267
POL,Poland,gdp_pc,1999,17556.0026927987
POL,Poland,gdp_pc,2000,18566.3546288772
POL,Poland,gdp_pc,2001,18800.6018648402
POL,Poland,gdp_pc,2002,19166.9137058143
POL,Poland,gdp_pc,2003,19855.6317989181
POL,Poland,gdp_pc,2004,20878.6545002534
POL,Poland,gdp_pc,2005,21568.9476594356
POL,Poland,gdp_pc,2006,22921.1975887696
POL,Poland,gdp_pc,2007,24484.0656663756
POL,Poland,gdp_pc,2008,25553.9058406534
POL,Poland,gdp_pc,2009,26204.410367111
POL,Poland,gdp_pc,2010,27112.1333797381
POL,Poland,gdp_pc,2011,28521.6612623568
POL,Poland,gdp_pc,2012,28952.9157305301
POL,Poland,gdp_pc,2013,29168.624211075
POL,Poland,gdp_pc,2014,30334.8786569618
POL,Poland,gdp_pc,2015,31700.3682364154
POL,Poland,gdp_pc,2016,32675.3052259954
POL,Poland,gdp_pc,2017,34354.5987616319
POL,Poland,gdp_pc,2018,36500.4114282584
POL,Poland,gdp_pc,2019,38181.6230334689
POL,Poland,gdp_pc,2020,37852.8021313639
POL,Poland,gdp_pc,2021,41059.5847829682
POL,Poland,gdp_pc,2022,43405.0215797441
POL,Poland,gdp_pc,2023,43672.7668014946
POL,Poland,gdp_pc,2024,45153.0439773281
POL,Poland,gdp_pc,2025,46924.5887897477
PRT,Portugal,tfr,1960,3.16
PRT,Portugal,tfr,1961,3.21
PRT,Portugal,tfr,1962,3.23
PRT,Portugal,tfr,1963,3.12
PRT,Portugal,tfr,1964,3.21
PRT,Portugal,tfr,1965,3.15
PRT,Portugal,tfr,1966,3.16
PRT,Portugal,tfr,1967,3.16
PRT,Portugal,tfr,1968,3.12
PRT,Portugal,tfr,1969,3.12
PRT,Portugal,tfr,1970,3.01
PRT,Portugal,tfr,1971,3.0
PRT,Portugal,tfr,1972,2.86
PRT,Portugal,tfr,1973,2.77
PRT,Portugal,tfr,1974,2.7
PRT,Portugal,tfr,1975,2.75
PRT,Portugal,tfr,1976,2.82
PRT,Portugal,tfr,1977,2.69
PRT,Portugal,tfr,1978,2.45
PRT,Portugal,tfr,1979,2.31
PRT,Portugal,tfr,1980,2.25
PRT,Portugal,tfr,1981,2.13
PRT,Portugal,tfr,1982,2.07
PRT,Portugal,tfr,1983,1.95
PRT,Portugal,tfr,1984,1.9
PRT,Portugal,tfr,1985,1.72
PRT,Portugal,tfr,1986,1.66
PRT,Portugal,tfr,1987,1.62
PRT,Portugal,tfr,1988,1.61
PRT,Portugal,tfr,1989,1.57
PRT,Portugal,tfr,1990,1.56
PRT,Portugal,tfr,1991,1.56
PRT,Portugal,tfr,1992,1.54
PRT,Portugal,tfr,1993,1.52
PRT,Portugal,tfr,1994,1.45
PRT,Portugal,tfr,1995,1.41
PRT,Portugal,tfr,1996,1.44
PRT,Portugal,tfr,1997,1.47
PRT,Portugal,tfr,1998,1.47
PRT,Portugal,tfr,1999,1.5
PRT,Portugal,tfr,2000,1.55
PRT,Portugal,tfr,2001,1.45
PRT,Portugal,tfr,2002,1.46
PRT,Portugal,tfr,2003,1.44
PRT,Portugal,tfr,2004,1.4
PRT,Portugal,tfr,2005,1.41
PRT,Portugal,tfr,2006,1.37
PRT,Portugal,tfr,2007,1.35
PRT,Portugal,tfr,2008,1.39
PRT,Portugal,tfr,2009,1.34
PRT,Portugal,tfr,2010,1.39
PRT,Portugal,tfr,2011,1.35
PRT,Portugal,tfr,2012,1.28
PRT,Portugal,tfr,2013,1.21
PRT,Portugal,tfr,2014,1.24
PRT,Portugal,tfr,2015,1.31
PRT,Portugal,tfr,2016,1.37
PRT,Portugal,tfr,2017,1.38
PRT,Portugal,tfr,2018,1.42
PRT,Portugal,tfr,2019,1.44
PRT,Portugal,tfr,2020,1.42
PRT,Portugal,tfr,2021,1.35
PRT,Portugal,tfr,2022,1.43
PRT,Portugal,tfr,2023,1.45
PRT,Portugal,tfr,2024,1.41
PRT,Portugal,lfp_ratio,1990,66.1362916878862
PRT,Portugal,lfp_ratio,1991,68.6832983984766
PRT,Portugal,lfp_ratio,1992,69.00870454255
PRT,Portugal,lfp_ratio,1993,70.376085138292
PRT,Portugal,lfp_ratio,1994,71.376911570356
PRT,Portugal,lfp_ratio,1995,71.7491411446532
PRT,Portugal,lfp_ratio,1996,72.4263469551868
PRT,Portugal,lfp_ratio,1997,73.4626748366251
PRT,Portugal,lfp_ratio,1998,73.9812359198106
PRT,Portugal,lfp_ratio,1999,74.8471703245573
PRT,Portugal,lfp_ratio,2000,75.6890215893431
PRT,Portugal,lfp_ratio,2001,76.1816575970825
PRT,Portugal,lfp_ratio,2002,76.4543719516505
PRT,Portugal,lfp_ratio,2003,78.3633008625499
PRT,Portugal,lfp_ratio,2004,78.1321971441732
PRT,Portugal,lfp_ratio,2005,79.9782939005861
PRT,Portugal,lfp_ratio,2006,80.1434923201293
PRT,Portugal,lfp_ratio,2007,80.9095249808285
PRT,Portugal,lfp_ratio,2008,80.9610193597074
PRT,Portugal,lfp_ratio,2009,82.1498766052402
PRT,Portugal,lfp_ratio,2010,83.0927436156914
PRT,Portugal,lfp_ratio,2011,81.4873937043115
PRT,Portugal,lfp_ratio,2012,82.5143374584968
PRT,Portugal,lfp_ratio,2013,83.2928329744694
PRT,Portugal,lfp_ratio,2014,83.4515293058767
PRT,Portugal,lfp_ratio,2015,83.821119175837
PRT,Portugal,lfp_ratio,2016,83.5543890893753
PRT,Portugal,lfp_ratio,2017,83.9074390433297
PRT,Portugal,lfp_ratio,2018,84.6463009985513
PRT,Portugal,lfp_ratio,2019,85.1215665453864
PRT,Portugal,lfp_ratio,2020,84.9261886503067
PRT,Portugal,lfp_ratio,2021,86.3177136888149
PRT,Portugal,lfp_ratio,2022,86.4116031417145
PRT,Portugal,lfp_ratio,2023,87.0476129873849
PRT,Portugal,lfp_ratio,2024,87.9136368004613
PRT,Portugal,lfp_ratio,2025,87.926733087608
PRT,Portugal,tertiary_gpi,2015,1.15181994438171
PRT,Portugal,tertiary_gpi,2016,1.14627003669739
PRT,Portugal,tertiary_gpi,2017,1.15717005729675
PRT,Portugal,tertiary_gpi,2018,1.16411995887756
PRT,Portugal,tertiary_gpi,2019,1.1719399690628
PRT,Portugal,tertiary_gpi,2020,1.17445003986359
PRT,Portugal,tertiary_gpi,2021,1.17112004756927
PRT,Portugal,tertiary_gpi,2022,1.17422997951508
PRT,Portugal,tertiary_gpi,2023,1.17716002464294
PRT,Portugal,gdp_pc,1990,27190.5720267046
PRT,Portugal,gdp_pc,1991,28443.7945360375
PRT,Portugal,gdp_pc,1992,28776.0475772622
PRT,Portugal,gdp_pc,1993,28153.6155177218
PRT,Portugal,gdp_pc,1994,28348.8658386375
PRT,Portugal,gdp_pc,1995,29460.8141864854
PRT,Portugal,gdp_pc,1996,30378.7557756391
PRT,Portugal,gdp_pc,1997,31574.4021979124
PRT,Portugal,gdp_pc,1998,32925.6638725861
PRT,Portugal,gdp_pc,1999,34018.9637066508
PRT,Portugal,gdp_pc,2000,35069.8275705133
PRT,Portugal,gdp_pc,2001,35500.2266804093
PRT,Portugal,gdp_pc,2002,35578.5200309
PRT,Portugal,gdp_pc,2003,35115.379514413
PRT,Portugal,gdp_pc,2004,35658.1298257507
PRT,Portugal,gdp_pc,2005,35870.3092741502
PRT,Portugal,gdp_pc,2006,36387.5367379523
PRT,Portugal,gdp_pc,2007,37226.4702626704
PRT,Portugal,gdp_pc,2008,37291.5048969664
PRT,Portugal,gdp_pc,2009,36092.8109314688
PRT,Portugal,gdp_pc,2010,36703.1141882825
PRT,Portugal,gdp_pc,2011,36127.2949766157
PRT,Portugal,gdp_pc,2012,34804.6333340484
PRT,Portugal,gdp_pc,2013,34651.7719455059
PRT,Portugal,gdp_pc,2014,35097.4098263232
PRT,Portugal,gdp_pc,2015,35803.3575649772
PRT,Portugal,gdp_pc,2016,36636.2978441636
PRT,Portugal,gdp_pc,2017,37943.1150505677
PRT,Portugal,gdp_pc,2018,39123.6151282575
PRT,Portugal,gdp_pc,2019,40188.2868799223
PRT,Portugal,gdp_pc,2020,36852.2287338103
PRT,Portugal,gdp_pc,2021,38657.6677223429
PRT,Portugal,gdp_pc,2022,41070.8611529744
PRT,Portugal,gdp_pc,2023,41768.2583096874
PRT,Portugal,gdp_pc,2024,42228.1580446502
PRT,Portugal,gdp_pc,2025,42576.8139673545
SVK,Slovakia,tfr,1960,3.04
SVK,Slovakia,tfr,1961,2.96
SVK,Slovakia,tfr,1962,2.83
SVK,Slovakia,tfr,1963,2.92
SVK,Slovakia,tfr,1964,2.89
SVK,Slovakia,tfr,1965,2.78
SVK,Slovakia,tfr,1966,2.66
SVK,Slovakia,tfr,1967,2.48
SVK,Slovakia,tfr,1968,2.39
SVK,Slovakia,tfr,1969,2.43
SVK,Slovakia,tfr,1970,2.41
SVK,Slovakia,tfr,1971,2.43
SVK,Slovakia,tfr,1972,2.49
SVK,Slovakia,tfr,1973,2.56
SVK,Slovakia,tfr,1974,2.61
SVK,Slovakia,tfr,1975,2.55
SVK,Slovakia,tfr,1976,2.55
SVK,Slovakia,tfr,1977,2.49
SVK,Slovakia,tfr,1978,2.47
SVK,Slovakia,tfr,1979,2.45
SVK,Slovakia,tfr,1980,2.32
SVK,Slovakia,tfr,1981,2.29
SVK,Slovakia,tfr,1982,2.28
SVK,Slovakia,tfr,1983,2.28
SVK,Slovakia,tfr,1984,2.26
SVK,Slovakia,tfr,1985,2.26
SVK,Slovakia,tfr,1986,2.2
SVK,Slovakia,tfr,1987,2.14
SVK,Slovakia,tfr,1988,2.13
SVK,Slovakia,tfr,1989,2.07
SVK,Slovakia,tfr,1990,2.09
SVK,Slovakia,tfr,1991,2.05
SVK,Slovakia,tfr,1992,1.93
SVK,Slovakia,tfr,1993,1.87
SVK,Slovakia,tfr,1994,1.67
SVK,Slovakia,tfr,1995,1.52
SVK,Slovakia,tfr,1996,1.47
SVK,Slovakia,tfr,1997,1.43
SVK,Slovakia,tfr,1998,1.37
SVK,Slovakia,tfr,1999,1.33
SVK,Slovakia,tfr,2000,1.3
SVK,Slovakia,tfr,2001,1.2
SVK,Slovakia,tfr,2002,1.19
SVK,Slovakia,tfr,2003,1.2
SVK,Slovakia,tfr,2004,1.25
SVK,Slovakia,tfr,2005,1.27
SVK,Slovakia,tfr,2006,1.25
SVK,Slovakia,tfr,2007,1.27
SVK,Slovakia,tfr,2008,1.34
SVK,Slovakia,tfr,2009,1.44
SVK,Slovakia,tfr,2010,1.43
SVK,Slovakia,tfr,2011,1.45
SVK,Slovakia,tfr,2012,1.34
SVK,Slovakia,tfr,2013,1.34
SVK,Slovakia,tfr,2014,1.37
SVK,Slovakia,tfr,2015,1.4
SVK,Slovakia,tfr,2016,1.48
SVK,Slovakia,tfr,2017,1.52
SVK,Slovakia,tfr,2018,1.54
SVK,Slovakia,tfr,2019,1.57
SVK,Slovakia,tfr,2020,1.59
SVK,Slovakia,tfr,2021,1.63
SVK,Slovakia,tfr,2022,1.57
SVK,Slovakia,tfr,2023,1.49
SVK,Slovakia,tfr,2024,1.46
SVK,Slovakia,lfp_ratio,1990,81.6723987900385
SVK,Slovakia,lfp_ratio,1991,81.7273063387514
SVK,Slovakia,lfp_ratio,1992,80.4378560730134
SVK,Slovakia,lfp_ratio,1993,78.9583781073143
SVK,Slovakia,lfp_ratio,1994,74.2969563707904
SVK,Slovakia,lfp_ratio,1995,74.78941559196
SVK,Slovakia,lfp_ratio,1996,76.1154702808146
SVK,Slovakia,lfp_ratio,1997,75.9853950378321
SVK,Slovakia,lfp_ratio,1998,76.2180200222469
SVK,Slovakia,lfp_ratio,1999,77.0399976227267
SVK,Slovakia,lfp_ratio,2000,78.0955775342303
SVK,Slovakia,lfp_ratio,2001,77.8370514064015
SVK,Slovakia,lfp_ratio,2002,77.3196938475125
SVK,Slovakia,lfp_ratio,2003,77.4479235284646
SVK,Slovakia,lfp_ratio,2004,76.8195727609482
SVK,Slovakia,lfp_ratio,2005,74.8026777362021
SVK,Slovakia,lfp_ratio,2006,74.0608333821719
SVK,Slovakia,lfp_ratio,2007,74.2548984891407
SVK,Slovakia,lfp_ratio,2008,74.3735896609325
SVK,Slovakia,lfp_ratio,2009,73.5881790781445
SVK,Slovakia,lfp_ratio,2010,74.6283639155017
SVK,Slovakia,lfp_ratio,2011,73.6587801618423
SVK,Slovakia,lfp_ratio,2012,74.1085407430168
SVK,Slovakia,lfp_ratio,2013,74.8656506034711
SVK,Slovakia,lfp_ratio,2014,76.3442596479897
SVK,Slovakia,lfp_ratio,2015,76.524417199611
SVK,Slovakia,lfp_ratio,2016,77.1925440272837
SVK,Slovakia,lfp_ratio,2017,77.7823760678708
SVK,Slovakia,lfp_ratio,2018,77.1426461901949
SVK,Slovakia,lfp_ratio,2019,77.363722640726
SVK,Slovakia,lfp_ratio,2020,77.9004361558129
SVK,Slovakia,lfp_ratio,2021,82.5624282000121
SVK,Slovakia,lfp_ratio,2022,83.1347962382445
SVK,Slovakia,lfp_ratio,2023,83.112735954637
SVK,Slovakia,lfp_ratio,2024,83.4145461108103
SVK,Slovakia,lfp_ratio,2025,83.4296870270598
SVK,Slovakia,tertiary_gpi,2001,1.08615005016327
SVK,Slovakia,tertiary_gpi,2002,1.11559998989105
SVK,Slovakia,tertiary_gpi,2003,1.15178000926971
SVK,Slovakia,tertiary_gpi,2004,1.18713998794556
SVK,Slovakia,tertiary_gpi,2005,1.22605001926422
SVK,Slovakia,tertiary_gpi,2006,1.29751002788544
SVK,Slovakia,tertiary_gpi,2007,1.32790994644165
SVK,Slovakia,tertiary_gpi,2008,1.36586999893188
SVK,Slovakia,tertiary_gpi,2009,1.37081003189087
SVK,Slovakia,tertiary_gpi,2010,1.3520200252533
SVK,Slovakia,tertiary_gpi,2011,1.34748005867004
SVK,Slovakia,tertiary_gpi,2012,1.34870994091034
SVK,Slovakia,tertiary_gpi,2013,1.35176002979279
SVK,Slovakia,tertiary_gpi,2014,1.35183000564575
SVK,Slovakia,tertiary_gpi,2015,1.34932005405426
SVK,Slovakia,tertiary_gpi,2016,1.34275996685028
SVK,Slovakia,tertiary_gpi,2017,1.34546005725861
SVK,Slovakia,tertiary_gpi,2018,1.33836996555328
SVK,Slovakia,tertiary_gpi,2019,1.33685994148254
SVK,Slovakia,tertiary_gpi,2020,1.32714998722076
SVK,Slovakia,tertiary_gpi,2021,1.32247996330261
SVK,Slovakia,tertiary_gpi,2022,1.33210003376007
SVK,Slovakia,tertiary_gpi,2023,1.30017995834351
SVK,Slovakia,tertiary_gpi,2024,1.31282997131348
SVK,Slovakia,gdp_pc,1990,17521.025057579
SVK,Slovakia,gdp_pc,1991,14955.954207806
SVK,Slovakia,gdp_pc,1992,13946.1630793919
SVK,Slovakia,gdp_pc,1993,14157.1814374204
SVK,Slovakia,gdp_pc,1994,14976.5773554129
SVK,Slovakia,gdp_pc,1995,15805.4133298742
SVK,Slovakia,gdp_pc,1996,16737.1722199043
SVK,Slovakia,gdp_pc,1997,17622.7797477898
SVK,Slovakia,gdp_pc,1998,18272.5224455534
SVK,Slovakia,gdp_pc,1999,18167.4957173327
SVK,Slovakia,gdp_pc,2000,18335.6834506937
SVK,Slovakia,gdp_pc,2001,18906.6014279038
SVK,Slovakia,gdp_pc,2002,19748.9318737056
SVK,Slovakia,gdp_pc,2003,20721.7128107535
SVK,Slovakia,gdp_pc,2004,21842.9563752621
SVK,Slovakia,gdp_pc,2005,23257.1758521642
SVK,Slovakia,gdp_pc,2006,25331.8740217421
SVK,Slovakia,gdp_pc,2007,28064.2457264668
SVK,Slovakia,gdp_pc,2008,29544.090596762
SVK,Slovakia,gdp_pc,2009,27880.4111227638
SVK,Slovakia,gdp_pc,2010,29745.9196662166
SVK,Slovakia,gdp_pc,2011,30468.8257049455
SVK,Slovakia,gdp_pc,2012,30894.3118010926
SVK,Slovakia,gdp_pc,2013,31078.1848215695
SVK,Slovakia,gdp_pc,2014,31888.805351531
SVK,Slovakia,gdp_pc,2015,33507.7913603774
SVK,Slovakia,gdp_pc,2016,34116.4502039273
SVK,Slovakia,gdp_pc,2017,35042.7858925618
SVK,Slovakia,gdp_pc,2018,36415.7920529507
SVK,Slovakia,gdp_pc,2019,37194.2104548698
SVK,Slovakia,gdp_pc,2020,36201.4863805533
SVK,Slovakia,gdp_pc,2021,38330.302743447
SVK,Slovakia,gdp_pc,2022,38648.9855746919
SVK,Slovakia,gdp_pc,2023,39501.9474231962
SVK,Slovakia,gdp_pc,2024,40302.4514288424
SVK,Slovakia,gdp_pc,2025,40689.8179557427
SVN,Slovenia,tfr,1960,2.185
SVN,Slovenia,tfr,1961,2.27
SVN,Slovenia,tfr,1962,2.276
SVN,Slovenia,tfr,1963,2.269
SVN,Slovenia,tfr,1964,2.305
SVN,Slovenia,tfr,1965,2.432
SVN,Slovenia,tfr,1966,2.465
SVN,Slovenia,tfr,1967,2.37
SVN,Slovenia,tfr,1968,2.253
SVN,Slovenia,tfr,1969,2.174
SVN,Slovenia,tfr,1970,2.109
SVN,Slovenia,tfr,1971,2.157
SVN,Slovenia,tfr,1972,2.165
SVN,Slovenia,tfr,1973,2.204
SVN,Slovenia,tfr,1974,2.125
SVN,Slovenia,tfr,1975,2.175
SVN,Slovenia,tfr,1976,2.201
SVN,Slovenia,tfr,1977,2.166
SVN,Slovenia,tfr,1978,2.196
SVN,Slovenia,tfr,1979,2.215
SVN,Slovenia,tfr,1980,2.11
SVN,Slovenia,tfr,1981,1.961
SVN,Slovenia,tfr,1982,1.93
SVN,Slovenia,tfr,1983,1.81
SVN,Slovenia,tfr,1984,1.74
SVN,Slovenia,tfr,1985,1.71
SVN,Slovenia,tfr,1986,1.67
SVN,Slovenia,tfr,1987,1.65
SVN,Slovenia,tfr,1988,1.63
SVN,Slovenia,tfr,1989,1.52
SVN,Slovenia,tfr,1990,1.46
SVN,Slovenia,tfr,1991,1.42
SVN,Slovenia,tfr,1992,1.33
SVN,Slovenia,tfr,1993,1.33
SVN,Slovenia,tfr,1994,1.32
SVN,Slovenia,tfr,1995,1.29
SVN,Slovenia,tfr,1996,1.28
SVN,Slovenia,tfr,1997,1.25
SVN,Slovenia,tfr,1998,1.23
SVN,Slovenia,tfr,1999,1.21
SVN,Slovenia,tfr,2000,1.26
SVN,Slovenia,tfr,2001,1.21
SVN,Slovenia,tfr,2002,1.21
SVN,Slovenia,tfr,2003,1.2
SVN,Slovenia,tfr,2004,1.25
SVN,Slovenia,tfr,2005,1.26
SVN,Slovenia,tfr,2006,1.31
SVN,Slovenia,tfr,2007,1.38
SVN,Slovenia,tfr,2008,1.53
SVN,Slovenia,tfr,2009,1.53
SVN,Slovenia,tfr,2010,1.57
SVN,Slovenia,tfr,2011,1.56
SVN,Slovenia,tfr,2012,1.58
SVN,Slovenia,tfr,2013,1.55
SVN,Slovenia,tfr,2014,1.58
SVN,Slovenia,tfr,2015,1.57
SVN,Slovenia,tfr,2016,1.58
SVN,Slovenia,tfr,2017,1.62
SVN,Slovenia,tfr,2018,1.6
SVN,Slovenia,tfr,2019,1.61
SVN,Slovenia,tfr,2020,1.59
SVN,Slovenia,tfr,2021,1.64
SVN,Slovenia,tfr,2022,1.55
SVN,Slovenia,tfr,2023,1.51
SVN,Slovenia,tfr,2024,1.52
SVN,Slovenia,lfp_ratio,1990,79.1350808292995
SVN,Slovenia,lfp_ratio,1991,78.9042725137995
SVN,Slovenia,lfp_ratio,1992,78.8925907812691
SVN,Slovenia,lfp_ratio,1993,79.117877257869
SVN,Slovenia,lfp_ratio,1994,79.3859716720867
SVN,Slovenia,lfp_ratio,1995,79.450656521134
SVN,Slovenia,lfp_ratio,1996,79.422298711568
SVN,Slovenia,lfp_ratio,1997,80.9223091614811
SVN,Slovenia,lfp_ratio,1998,80.2370526951532
SVN,Slovenia,lfp_ratio,1999,80.0086209550787
SVN,Slovenia,lfp_ratio,2000,79.8486900481016
SVN,Slovenia,lfp_ratio,2001,78.8152966382539
SVN,Slovenia,lfp_ratio,2002,79.608792960726
SVN,Slovenia,lfp_ratio,2003,79.5774758997176
SVN,Slovenia,lfp_ratio,2004,80.3797179498882
SVN,Slovenia,lfp_ratio,2005,79.7099261987051
SVN,Slovenia,lfp_ratio,2006,80.5600968816228
SVN,Slovenia,lfp_ratio,2007,80.1683844678811
SVN,Slovenia,lfp_ratio,2008,81.0552247377807
SVN,Slovenia,lfp_ratio,2009,81.1051666388809
SVN,Slovenia,lfp_ratio,2010,80.7837891248499
SVN,Slovenia,lfp_ratio,2011,81.5931796574243
SVN,Slovenia,lfp_ratio,2012,82.360256268988
SVN,Slovenia,lfp_ratio,2013,81.7625015745056
SVN,Slovenia,lfp_ratio,2014,82.9349542153457
SVN,Slovenia,lfp_ratio,2015,82.8867254392085
SVN,Slovenia,lfp_ratio,2016,84.4509625980424
SVN,Slovenia,lfp_ratio,2017,84.0579027522648
SVN,Slovenia,lfp_ratio,2018,83.5820198845514
SVN,Slovenia,lfp_ratio,2019,84.1668768920283
SVN,Slovenia,lfp_ratio,2020,84.9353848122321
SVN,Slovenia,lfp_ratio,2021,84.4753764239331
SVN,Slovenia,lfp_ratio,2022,83.8821679356034
SVN,Slovenia,lfp_ratio,2023,83.9408773347274
SVN,Slovenia,lfp_ratio,2024,83.2303046592149
SVN,Slovenia,lfp_ratio,2025,83.2608937924886
SVN,Slovenia,tertiary_gpi,2001,1.26954996585846
SVN,Slovenia,tertiary_gpi,2002,1.30831003189087
SVN,Slovenia,tertiary_gpi,2003,1.26332998275757
SVN,Slovenia,tertiary_gpi,2004,1.27860999107361
SVN,Slovenia,tertiary_gpi,2005,1.30604994297028
SVN,Slovenia,tertiary_gpi,2006,1.32079005241394
SVN,Slovenia,tertiary_gpi,2007,1.32361996173859
SVN,Slovenia,tertiary_gpi,2008,1.31857001781464
SVN,Slovenia,tertiary_gpi,2009,1.33647000789642
SVN,Slovenia,tertiary_gpi,2010,1.33438003063202
SVN,Slovenia,tertiary_gpi,2011,1.39695000648498
SVN,Slovenia,tertiary_gpi,2012,1.31580996513367
SVN,Slovenia,tertiary_gpi,2013,1.30429995059967
SVN,Slovenia,tertiary_gpi,2014,1.30392003059387
SVN,Slovenia,tertiary_gpi,2015,1.31642997264862
SVN,Slovenia,tertiary_gpi,2016,1.30382001399994
SVN,Slovenia,tertiary_gpi,2017,1.30157005786896
SVN,Slovenia,tertiary_gpi,2018,1.31119000911713
SVN,Slovenia,tertiary_gpi,2019,1.33654999732971
SVN,Slovenia,tertiary_gpi,2020,1.34552001953125
SVN,Slovenia,tertiary_gpi,2021,1.35020005702972
SVN,Slovenia,tertiary_gpi,2022,1.34018003940582
SVN,Slovenia,tertiary_gpi,2023,1.34330999851227
SVN,Slovenia,gdp_pc,1990,25349.79771871
SVN,Slovenia,gdp_pc,1991,23078.9929501783
SVN,Slovenia,gdp_pc,1992,21850.057102159
SVN,Slovenia,gdp_pc,1993,22524.9591876226
SVN,Slovenia,gdp_pc,1994,23752.4377245413
SVN,Slovenia,gdp_pc,1995,24722.6569167591
SVN,Slovenia,gdp_pc,1996,25458.8966701239
SVN,Slovenia,gdp_pc,1997,26811.4873226649
SVN,Slovenia,gdp_pc,1998,27693.2827424197
SVN,Slovenia,gdp_pc,1999,29131.350613532
SVN,Slovenia,gdp_pc,2000,30061.2061910089
SVN,Slovenia,gdp_pc,2001,30862.8959874504
SVN,Slovenia,gdp_pc,2002,31836.5215656188
SVN,Slovenia,gdp_pc,2003,32833.9045969454
SVN,Slovenia,gdp_pc,2004,34304.5565023331
SVN,Slovenia,gdp_pc,2005,35565.0427189638
SVN,Slovenia,gdp_pc,2006,37546.4956078863
SVN,Slovenia,gdp_pc,2007,40002.7018991991
SVN,Slovenia,gdp_pc,2008,41286.3462491223
SVN,Slovenia,gdp_pc,2009,37809.1735513927
SVN,Slovenia,gdp_pc,2010,38063.314683572
SVN,Slovenia,gdp_pc,2011,38233.2905622851
SVN,Slovenia,gdp_pc,2012,37040.7082746106
SVN,Slovenia,gdp_pc,2013,36685.7496645094
SVN,Slovenia,gdp_pc,2014,37662.2559898098
SVN,Slovenia,gdp_pc,2015,38534.6437425951
SVN,Slovenia,gdp_pc,2016,39674.8931561968
SVN,Slovenia,gdp_pc,2017,41700.651085028
SVN,Slovenia,gdp_pc,2018,43369.221946981
SVN,Slovenia,gdp_pc,2019,44577.9418583069
SVN,Slovenia,gdp_pc,2020,42471.5228031277
SVN,Slovenia,gdp_pc,2021,45922.6632600134
SVN,Slovenia,gdp_pc,2022,47058.8865960028
SVN,Slovenia,gdp_pc,2023,47986.4195855821
SVN,Slovenia,gdp_pc,2024,48658.0265180267
SVN,Slovenia,gdp_pc,2025,49091.0184405902
ESP,Spain,tfr,1960,2.86
ESP,Spain,tfr,1961,2.77
ESP,Spain,tfr,1962,2.8
ESP,Spain,tfr,1963,2.88
ESP,Spain,tfr,1964,3.01
ESP,Spain,tfr,1965,2.94
ESP,Spain,tfr,1966,2.91
ESP,Spain,tfr,1967,2.94
ESP,Spain,tfr,1968,2.87
ESP,Spain,tfr,1969,2.86
ESP,Spain,tfr,1970,2.84
ESP,Spain,tfr,1971,2.9
ESP,Spain,tfr,1972,2.87
ESP,Spain,tfr,1973,2.84
ESP,Spain,tfr,1974,2.88
ESP,Spain,tfr,1975,2.77
ESP,Spain,tfr,1976,2.77
ESP,Spain,tfr,1977,2.65
ESP,Spain,tfr,1978,2.54
ESP,Spain,tfr,1979,2.37
ESP,Spain,tfr,1980,2.22
ESP,Spain,tfr,1981,2.04
ESP,Spain,tfr,1982,1.94
ESP,Spain,tfr,1983,1.8
ESP,Spain,tfr,1984,1.73
ESP,Spain,tfr,1985,1.64
ESP,Spain,tfr,1986,1.56
ESP,Spain,tfr,1987,1.49
ESP,Spain,tfr,1988,1.45
ESP,Spain,tfr,1989,1.4
ESP,Spain,tfr,1990,1.36
ESP,Spain,tfr,1991,1.33
ESP,Spain,tfr,1992,1.31
ESP,Spain,tfr,1993,1.26
ESP,Spain,tfr,1994,1.19
ESP,Spain,tfr,1995,1.16
ESP,Spain,tfr,1996,1.14
ESP,Spain,tfr,1997,1.15
ESP,Spain,tfr,1998,1.13
ESP,Spain,tfr,1999,1.17
ESP,Spain,tfr,2000,1.22
ESP,Spain,tfr,2001,1.23
ESP,Spain,tfr,2002,1.25
ESP,Spain,tfr,2003,1.3
ESP,Spain,tfr,2004,1.31
ESP,Spain,tfr,2005,1.33
ESP,Spain,tfr,2006,1.36
ESP,Spain,tfr,2007,1.38
ESP,Spain,tfr,2008,1.45
ESP,Spain,tfr,2009,1.38
ESP,Spain,tfr,2010,1.37
ESP,Spain,tfr,2011,1.34
ESP,Spain,tfr,2012,1.32
ESP,Spain,tfr,2013,1.27
ESP,Spain,tfr,2014,1.32
ESP,Spain,tfr,2015,1.33
ESP,Spain,tfr,2016,1.33
ESP,Spain,tfr,2017,1.31
ESP,Spain,tfr,2018,1.26
ESP,Spain,tfr,2019,1.23
ESP,Spain,tfr,2020,1.18
ESP,Spain,tfr,2021,1.18
ESP,Spain,tfr,2022,1.16
ESP,Spain,tfr,2023,1.12
ESP,Spain,tfr,2024,1.1
ESP,Spain,lfp_ratio,1990,49.469718320305
ESP,Spain,lfp_ratio,1991,49.8553620422283
ESP,Spain,lfp_ratio,1992,52.1381877610314
ESP,Spain,lfp_ratio,1993,53.3754952758305
ESP,Spain,lfp_ratio,1994,55.7488293544177
ESP,Spain,lfp_ratio,1995,57.2358077922887
ESP,Spain,lfp_ratio,1996,57.9694594762704
ESP,Spain,lfp_ratio,1997,59.0250104662522
ESP,Spain,lfp_ratio,1998,59.3207255885758
ESP,Spain,lfp_ratio,1999,60.0681807711798
ESP,Spain,lfp_ratio,2000,61.8037820746686
ESP,Spain,lfp_ratio,2001,60.2821594521888
ESP,Spain,lfp_ratio,2002,63.4433355040967
ESP,Spain,lfp_ratio,2003,64.9400422174648
ESP,Spain,lfp_ratio,2004,66.6259769259397
ESP,Spain,lfp_ratio,2005,67.9048837517095
ESP,Spain,lfp_ratio,2006,69.5470485096435
ESP,Spain,lfp_ratio,2007,70.9253740065451
ESP,Spain,lfp_ratio,2008,72.8750729713952
ESP,Spain,lfp_ratio,2009,75.2926069694331
ESP,Spain,lfp_ratio,2010,76.8719618249119
ESP,Spain,lfp_ratio,2011,78.3723021582734
ESP,Spain,lfp_ratio,2012,79.9307906189555
ESP,Spain,lfp_ratio,2013,80.4026906921532
ESP,Spain,lfp_ratio,2014,80.8172478923849
ESP,Spain,lfp_ratio,2015,81.058598804609
ESP,Spain,lfp_ratio,2016,81.4289038864324
ESP,Spain,lfp_ratio,2017,81.5501723626948
ESP,Spain,lfp_ratio,2018,81.4371163477087
ESP,Spain,lfp_ratio,2019,81.9421481096572
ESP,Spain,lfp_ratio,2020,81.9103075537254
ESP,Spain,lfp_ratio,2021,83.3072550772768
ESP,Spain,lfp_ratio,2022,82.8056448675103
ESP,Spain,lfp_ratio,2023,84.2319479027006
ESP,Spain,lfp_ratio,2024,84.7972326723203
ESP,Spain,lfp_ratio,2025,84.8867105897477
ESP,Spain,tertiary_gpi,2001,1.13567996025085
ESP,Spain,tertiary_gpi,2002,1.15925002098083
ESP,Spain,tertiary_gpi,2003,1.16041994094849
ESP,Spain,tertiary_gpi,2004,1.18292999267578
ESP,Spain,tertiary_gpi,2005,1.18050003051758
ESP,Spain,tertiary_gpi,2006,1.18467998504639
ESP,Spain,tertiary_gpi,2007,1.18885004520416
ESP,Spain,tertiary_gpi,2008,1.19131004810333
ESP,Spain,tertiary_gpi,2009,1.19298005104065
ESP,Spain,tertiary_gpi,2010,1.1865199804306
ESP,Spain,tertiary_gpi,2011,1.18502998352051
ESP,Spain,tertiary_gpi,2012,1.17613995075226
ESP,Spain,tertiary_gpi,2013,1.174880027771
ESP,Spain,tertiary_gpi,2014,1.16879999637604
ESP,Spain,tertiary_gpi,2015,1.16184997558594
ESP,Spain,tertiary_gpi,2016,1.16699004173279
ESP,Spain,tertiary_gpi,2017,1.17042005062103
ESP,Spain,tertiary_gpi,2018,1.17813003063202
ESP,Spain,tertiary_gpi,2019,1.18359994888306
ESP,Spain,tertiary_gpi,2020,1.19992995262146
ESP,Spain,tertiary_gpi,2021,1.20764005184174
ESP,Spain,tertiary_gpi,2022,1.21535003185272
ESP,Spain,tertiary_gpi,2023,1.23416996002197
ESP,Spain,tertiary_gpi,2024,1.23163998126984
ESP,Spain,gdp_pc,1990,31773.2267420042
ESP,Spain,gdp_pc,1991,32499.3481371902
ESP,Spain,gdp_pc,1992,32641.082719936
ESP,Spain,gdp_pc,1993,32137.3138437727
ESP,Spain,gdp_pc,1994,32746.9287826598
ESP,Spain,gdp_pc,1995,33501.7314182929
ESP,Spain,gdp_pc,1996,34232.3786868602
ESP,Spain,gdp_pc,1997,35312.0862854389
ESP,Spain,gdp_pc,1998,36679.0942334698
ESP,Spain,gdp_pc,1999,38141.316878689
ESP,Spain,gdp_pc,2000,39945.8971298178
ESP,Spain,gdp_pc,2001,41224.2924057393
ESP,Spain,gdp_pc,2002,41766.0378188791
ESP,Spain,gdp_pc,2003,42223.130174522
ESP,Spain,gdp_pc,2004,42793.3902326006
ESP,Spain,gdp_pc,2005,43570.7652574033
ESP,Spain,gdp_pc,2006,44572.6815459931
ESP,Spain,gdp_pc,2007,45301.2843416374
ESP,Spain,gdp_pc,2008,44926.348951812
ESP,Spain,gdp_pc,2009,42852.220888454
ESP,Spain,gdp_pc,2010,42695.5274189933
ESP,Spain,gdp_pc,2011,42271.8346788238
ESP,Spain,gdp_pc,2012,41034.0481566356
ESP,Spain,gdp_pc,2013,40594.914008768
ESP,Spain,gdp_pc,2014,41339.4111169417
ESP,Spain,gdp_pc,2015,43053.761430314
ESP,Spain,gdp_pc,2016,44274.6676149922
ESP,Spain,gdp_pc,2017,45446.2508575695
ESP,Spain,gdp_pc,2018,46325.2099441141
ESP,Spain,gdp_pc,2019,46896.4171141424
ESP,Spain,gdp_pc,2020,41553.4477945675
ESP,Spain,gdp_pc,2021,44251.6658222621
ESP,Spain,gdp_pc,2022,46733.4809780536
ESP,Spain,gdp_pc,2023,47322.5937004504
ESP,Spain,gdp_pc,2024,48460.2914069661
ESP,Spain,gdp_pc,2025,49318.105559037
SWE,Sweden,tfr,1960,2.17
SWE,Sweden,tfr,1961,2.21
SWE,Sweden,tfr,1962,2.25
SWE,Sweden,tfr,1963,2.33
SWE,Sweden,tfr,1964,2.47
SWE,Sweden,tfr,1965,2.39
SWE,Sweden,tfr,1966,2.37
SWE,Sweden,tfr,1967,2.28
SWE,Sweden,tfr,1968,2.07
SWE,Sweden,tfr,1969,1.93
SWE,Sweden,tfr,1970,1.92
SWE,Sweden,tfr,1971,1.96
SWE,Sweden,tfr,1972,1.91
SWE,Sweden,tfr,1973,1.87
SWE,Sweden,tfr,1974,1.87
SWE,Sweden,tfr,1975,1.77
SWE,Sweden,tfr,1976,1.68
SWE,Sweden,tfr,1977,1.64
SWE,Sweden,tfr,1978,1.6
SWE,Sweden,tfr,1979,1.66
SWE,Sweden,tfr,1980,1.68
SWE,Sweden,tfr,1981,1.63
SWE,Sweden,tfr,1982,1.62
SWE,Sweden,tfr,1983,1.61
SWE,Sweden,tfr,1984,1.66
SWE,Sweden,tfr,1985,1.74
SWE,Sweden,tfr,1986,1.8
SWE,Sweden,tfr,1987,1.84
SWE,Sweden,tfr,1988,1.96
SWE,Sweden,tfr,1989,2.01
SWE,Sweden,tfr,1990,2.13
SWE,Sweden,tfr,1991,2.11
SWE,Sweden,tfr,1992,2.09
SWE,Sweden,tfr,1993,1.99
SWE,Sweden,tfr,1994,1.88
SWE,Sweden,tfr,1995,1.73
SWE,Sweden,tfr,1996,1.6
SWE,Sweden,tfr,1997,1.52
SWE,Sweden,tfr,1998,1.5
SWE,Sweden,tfr,1999,1.5
SWE,Sweden,tfr,2000,1.54
SWE,Sweden,tfr,2001,1.57
SWE,Sweden,tfr,2002,1.65
SWE,Sweden,tfr,2003,1.71
SWE,Sweden,tfr,2004,1.75
SWE,Sweden,tfr,2005,1.77
SWE,Sweden,tfr,2006,1.85
SWE,Sweden,tfr,2007,1.88
SWE,Sweden,tfr,2008,1.91
SWE,Sweden,tfr,2009,1.94
SWE,Sweden,tfr,2010,1.98
SWE,Sweden,tfr,2011,1.9
SWE,Sweden,tfr,2012,1.91
SWE,Sweden,tfr,2013,1.89
SWE,Sweden,tfr,2014,1.88
SWE,Sweden,tfr,2015,1.85
SWE,Sweden,tfr,2016,1.85
SWE,Sweden,tfr,2017,1.78
SWE,Sweden,tfr,2018,1.76
SWE,Sweden,tfr,2019,1.71
SWE,Sweden,tfr,2020,1.67
SWE,Sweden,tfr,2021,1.67
SWE,Sweden,tfr,2022,1.53
SWE,Sweden,tfr,2023,1.45
SWE,Sweden,tfr,2024,1.43
SWE,Sweden,lfp_ratio,1990,87.9187490375597
SWE,Sweden,lfp_ratio,1991,88.0041921595287
SWE,Sweden,lfp_ratio,1992,87.8960535639398
SWE,Sweden,lfp_ratio,1993,87.6878074724106
SWE,Sweden,lfp_ratio,1994,87.3183974225113
SWE,Sweden,lfp_ratio,1995,87.2386360275634
SWE,Sweden,lfp_ratio,1996,88.0150203400438
SWE,Sweden,lfp_ratio,1997,87.4507462686567
SWE,Sweden,lfp_ratio,1998,85.6217345872518
SWE,Sweden,lfp_ratio,1999,87.1344767363755
SWE,Sweden,lfp_ratio,2000,87.9843728705765
SWE,Sweden,lfp_ratio,2001,87.4873050958839
SWE,Sweden,lfp_ratio,2002,87.9890905276408
SWE,Sweden,lfp_ratio,2003,88.2512758931252
SWE,Sweden,lfp_ratio,2004,87.9373101103992
SWE,Sweden,lfp_ratio,2005,87.594831673779
SWE,Sweden,lfp_ratio,2006,87.6704015630319
SWE,Sweden,lfp_ratio,2007,88.0567518140523
SWE,Sweden,lfp_ratio,2008,88.0031767976115
SWE,Sweden,lfp_ratio,2009,88.0561157907225
SWE,Sweden,lfp_ratio,2010,87.3653803421969
SWE,Sweden,lfp_ratio,2011,88.0392823865233
SWE,Sweden,lfp_ratio,2012,88.5999139504176
SWE,Sweden,lfp_ratio,2013,88.8913528776925
SWE,Sweden,lfp_ratio,2014,89.2123490409661
SWE,Sweden,lfp_ratio,2015,89.9627148353362
SWE,Sweden,lfp_ratio,2016,89.9272474032805
SWE,Sweden,lfp_ratio,2017,90.0807296663075
SWE,Sweden,lfp_ratio,2018,90.4298662572702
SWE,Sweden,lfp_ratio,2019,90.3737876956637
SWE,Sweden,lfp_ratio,2020,89.4827789921427
SWE,Sweden,lfp_ratio,2021,89.7523471575368
SWE,Sweden,lfp_ratio,2022,89.7121276689542
SWE,Sweden,lfp_ratio,2023,90.50029342723
SWE,Sweden,lfp_ratio,2024,91.0110370064333
SWE,Sweden,lfp_ratio,2025,90.986648529564
SWE,Sweden,tertiary_gpi,2001,1.33349001407623
SWE,Sweden,tertiary_gpi,2002,1.34403002262116
SWE,Sweden,tertiary_gpi,2003,1.34925997257233
SWE,Sweden,tertiary_gpi,2004,1.35037994384766
SWE,Sweden,tertiary_gpi,2005,1.35237002372742
SWE,Sweden,tertiary_gpi,2006,1.35367000102997
SWE,Sweden,tertiary_gpi,2007,1.36170995235443
SWE,Sweden,tertiary_gpi,2008,1.3724399805069
SWE,Sweden,tertiary_gpi,2009,1.36716997623444
SWE,Sweden,tertiary_gpi,2010,1.346519947052
SWE,Sweden,tertiary_gpi,2011,1.34002995491028
SWE,Sweden,tertiary_gpi,2012,1.35933005809784
SWE,Sweden,tertiary_gpi,2013,1.3574800491333
SWE,Sweden,tertiary_gpi,2014,1.35119998455048
SWE,Sweden,tertiary_gpi,2015,1.34992003440857
SWE,Sweden,tertiary_gpi,2016,1.35764002799988
SWE,Sweden,tertiary_gpi,2017,1.36866998672485
SWE,Sweden,tertiary_gpi,2018,1.38887000083923
SWE,Sweden,tertiary_gpi,2019,1.40279996395111
SWE,Sweden,tertiary_gpi,2020,1.41598999500275
SWE,Sweden,tertiary_gpi,2021,1.42637002468109
SWE,Sweden,tertiary_gpi,2022,1.42479002475739
SWE,Sweden,tertiary_gpi,2023,1.41434001922607
SWE,Sweden,tertiary_gpi,2024,1.40059995651245
SWE,Sweden,gdp_pc,1990,40199.7074219831
SWE,Sweden,gdp_pc,1991,39469.0716472828
SWE,Sweden,gdp_pc,1992,38783.6397676396
SWE,Sweden,gdp_pc,1993,37762.5408221358
SWE,Sweden,gdp_pc,1994,39000.8277233984
SWE,Sweden,gdp_pc,1995,40385.2139711185
SWE,Sweden,gdp_pc,1996,41008.3531746727
SWE,Sweden,gdp_pc,1997,42241.0607742258
SWE,Sweden,gdp_pc,1998,44010.1074358278
SWE,Sweden,gdp_pc,1999,45823.3018418117
SWE,Sweden,gdp_pc,2000,47868.5077292571
SWE,Sweden,gdp_pc,2001,48389.8185132591
SWE,Sweden,gdp_pc,2002,49331.2032555738
SWE,Sweden,gdp_pc,2003,50072.4736462925
SWE,Sweden,gdp_pc,2004,51960.5321902953
SWE,Sweden,gdp_pc,2005,53198.67120001
SWE,Sweden,gdp_pc,2006,55373.9338115393
SWE,Sweden,gdp_pc,2007,56737.3689179302
SWE,Sweden,gdp_pc,2008,55777.3973050094
SWE,Sweden,gdp_pc,2009,52950.7103332467
SWE,Sweden,gdp_pc,2010,55520.4324178534
SWE,Sweden,gdp_pc,2011,56846.1368290625
SWE,Sweden,gdp_pc,2012,56193.3287488246
SWE,Sweden,gdp_pc,2013,56353.0856347897
SWE,Sweden,gdp_pc,2014,57077.6693544196
SWE,Sweden,gdp_pc,2015,58955.6412361461
SWE,Sweden,gdp_pc,2016,59460.2872722689
SWE,Sweden,gdp_pc,2017,59769.0136237
SWE,Sweden,gdp_pc,2018,60124.5711994179
SWE,Sweden,gdp_pc,2019,61070.5243445838
SWE,Sweden,gdp_pc,2020,59458.2805291969
SWE,Sweden,gdp_pc,2021,62190.8526983825
SWE,Sweden,gdp_pc,2022,62544.5002248644
SWE,Sweden,gdp_pc,2023,62122.5116950792
SWE,Sweden,gdp_pc,2024,62558.4065876041
SWE,Sweden,gdp_pc,2025,63362.4612808079
CHE,Switzerland,tfr,1960,2.44
CHE,Switzerland,tfr,1961,2.52
CHE,Switzerland,tfr,1962,2.58
CHE,Switzerland,tfr,1963,2.65
CHE,Switzerland,tfr,1964,2.66
CHE,Switzerland,tfr,1965,2.59
CHE,Switzerland,tfr,1966,2.5
CHE,Switzerland,tfr,1967,2.39
CHE,Switzerland,tfr,1968,2.29
CHE,Switzerland,tfr,1969,2.19
CHE,Switzerland,tfr,1970,2.1
CHE,Switzerland,tfr,1971,2.04
CHE,Switzerland,tfr,1972,1.91
CHE,Switzerland,tfr,1973,1.81
CHE,Switzerland,tfr,1974,1.73
CHE,Switzerland,tfr,1975,1.61
CHE,Switzerland,tfr,1976,1.55
CHE,Switzerland,tfr,1977,1.53
CHE,Switzerland,tfr,1978,1.51
CHE,Switzerland,tfr,1979,1.52
CHE,Switzerland,tfr,1980,1.55
CHE,Switzerland,tfr,1981,1.55
CHE,Switzerland,tfr,1982,1.56
CHE,Switzerland,tfr,1983,1.52
CHE,Switzerland,tfr,1984,1.53
CHE,Switzerland,tfr,1985,1.52
CHE,Switzerland,tfr,1986,1.53
CHE,Switzerland,tfr,1987,1.52
CHE,Switzerland,tfr,1988,1.57
CHE,Switzerland,tfr,1989,1.56
CHE,Switzerland,tfr,1990,1.58
CHE,Switzerland,tfr,1991,1.58
CHE,Switzerland,tfr,1992,1.58
CHE,Switzerland,tfr,1993,1.51
CHE,Switzerland,tfr,1994,1.49
CHE,Switzerland,tfr,1995,1.48
CHE,Switzerland,tfr,1996,1.5
CHE,Switzerland,tfr,1997,1.48
CHE,Switzerland,tfr,1998,1.47
CHE,Switzerland,tfr,1999,1.48
CHE,Switzerland,tfr,2000,1.5
CHE,Switzerland,tfr,2001,1.38
CHE,Switzerland,tfr,2002,1.39
CHE,Switzerland,tfr,2003,1.39
CHE,Switzerland,tfr,2004,1.42
CHE,Switzerland,tfr,2005,1.42
CHE,Switzerland,tfr,2006,1.44
CHE,Switzerland,tfr,2007,1.46
CHE,Switzerland,tfr,2008,1.48
CHE,Switzerland,tfr,2009,1.5
CHE,Switzerland,tfr,2010,1.52
CHE,Switzerland,tfr,2011,1.52
CHE,Switzerland,tfr,2012,1.52
CHE,Switzerland,tfr,2013,1.52
CHE,Switzerland,tfr,2014,1.54
CHE,Switzerland,tfr,2015,1.54
CHE,Switzerland,tfr,2016,1.54
CHE,Switzerland,tfr,2017,1.52
CHE,Switzerland,tfr,2018,1.52
CHE,Switzerland,tfr,2019,1.48
CHE,Switzerland,tfr,2020,1.46
CHE,Switzerland,tfr,2021,1.52
CHE,Switzerland,tfr,2022,1.39
CHE,Switzerland,tfr,2023,1.33
CHE,Switzerland,tfr,2024,1.29
CHE,Switzerland,lfp_ratio,1990,65.6678626867191
CHE,Switzerland,lfp_ratio,1991,65.846282860882
CHE,Switzerland,lfp_ratio,1992,66.7844025543569
CHE,Switzerland,lfp_ratio,1993,67.6187062332774
CHE,Switzerland,lfp_ratio,1994,67.553053157183
CHE,Switzerland,lfp_ratio,1995,67.5349296213577
CHE,Switzerland,lfp_ratio,1996,72.2239861818459
CHE,Switzerland,lfp_ratio,1997,72.5423728813559
CHE,Switzerland,lfp_ratio,1998,73.989898989899
CHE,Switzerland,lfp_ratio,1999,74.5007562357405
CHE,Switzerland,lfp_ratio,2000,74.1534698081627
CHE,Switzerland,lfp_ratio,2001,76.006360040332
CHE,Switzerland,lfp_ratio,2002,77.3878125733358
CHE,Switzerland,lfp_ratio,2003,77.525571698482
CHE,Switzerland,lfp_ratio,2004,77.8954578986194
CHE,Switzerland,lfp_ratio,2005,79.090097413414
CHE,Switzerland,lfp_ratio,2006,79.3137775418105
CHE,Switzerland,lfp_ratio,2007,79.1916523576806
CHE,Switzerland,lfp_ratio,2008,81.320939853612
CHE,Switzerland,lfp_ratio,2009,81.9401060704744
CHE,Switzerland,lfp_ratio,2010,80.7471882903729
CHE,Switzerland,lfp_ratio,2011,81.0963046212304
CHE,Switzerland,lfp_ratio,2012,81.6974526137873
CHE,Switzerland,lfp_ratio,2013,82.4465935723714
CHE,Switzerland,lfp_ratio,2014,83.5260193494489
CHE,Switzerland,lfp_ratio,2015,83.9548722367323
CHE,Switzerland,lfp_ratio,2016,84.3902111967818
CHE,Switzerland,lfp_ratio,2017,84.11584793282
CHE,Switzerland,lfp_ratio,2018,84.7928189807151
CHE,Switzerland,lfp_ratio,2019,85.5668145254276
CHE,Switzerland,lfp_ratio,2020,85.2387627070207
CHE,Switzerland,lfp_ratio,2021,85.8182266617339
CHE,Switzerland,lfp_ratio,2022,85.5861582896864
CHE,Switzerland,lfp_ratio,2023,85.8403060662777
CHE,Switzerland,lfp_ratio,2024,87.1024808814721
CHE,Switzerland,lfp_ratio,2025,87.1739191347474
CHE,Switzerland,tertiary_gpi,2000,0.753260016441345
CHE,Switzerland,tertiary_gpi,2001,0.756389975547791
CHE,Switzerland,tertiary_gpi,2002,0.773329973220825
CHE,Switzerland,tertiary_gpi,2003,0.801090002059937
CHE,Switzerland,tertiary_gpi,2004,0.824240028858185
CHE,Switzerland,tertiary_gpi,2005,0.865649998188019
CHE,Switzerland,tertiary_gpi,2006,0.900789976119995
CHE,Switzerland,tertiary_gpi,2007,0.924700021743774
CHE,Switzerland,tertiary_gpi,2008,0.992410004138947
CHE,Switzerland,tertiary_gpi,2009,1.01130998134613
CHE,Switzerland,tertiary_gpi,2010,0.989430010318756
CHE,Switzerland,tertiary_gpi,2011,1.00019001960754
CHE,Switzerland,tertiary_gpi,2012,1.00308001041412
CHE,Switzerland,tertiary_gpi,2013,1.01347005367279
CHE,Switzerland,tertiary_gpi,2014,1.014279961586
CHE,Switzerland,tertiary_gpi,2015,1.03004002571106
CHE,Switzerland,tertiary_gpi,2016,1.02540004253387
CHE,Switzerland,tertiary_gpi,2017,1.04795002937317
CHE,Switzerland,tertiary_gpi,2018,1.05497002601623
CHE,Switzerland,tertiary_gpi,2019,1.06560003757477
CHE,Switzerland,tertiary_gpi,2020,1.0848799943924
CHE,Switzerland,tertiary_gpi,2021,1.10327994823456
CHE,Switzerland,tertiary_gpi,2022,1.11602997779846
CHE,Switzerland,tertiary_gpi,2023,1.11629998683929
CHE,Switzerland,tertiary_gpi,2024,1.12194001674652
CHE,Switzerland,gdp_pc,1990,63921.4227334201
CHE,Switzerland,gdp_pc,1991,62404.0627797363
CHE,Switzerland,gdp_pc,1992,61004.7423539695
CHE,Switzerland,gdp_pc,1993,59202.9850165162
CHE,Switzerland,gdp_pc,1994,61091.4960852373
CHE,Switzerland,gdp_pc,1995,63169.2827232412
CHE,Switzerland,gdp_pc,1996,63243.2134310286
CHE,Switzerland,gdp_pc,1997,64414.4578915682
CHE,Switzerland,gdp_pc,1998,66006.2566369566
CHE,Switzerland,gdp_pc,1999,66795.8879655155
CHE,Switzerland,gdp_pc,2000,68834.8179906591
CHE,Switzerland,gdp_pc,2001,69489.6995050103
CHE,Switzerland,gdp_pc,2002,69228.3683320733
CHE,Switzerland,gdp_pc,2003,68521.3420292943
CHE,Switzerland,gdp_pc,2004,69812.378758031
CHE,Switzerland,gdp_pc,2005,71414.3495582368
CHE,Switzerland,gdp_pc,2006,73901.6149628577
CHE,Switzerland,gdp_pc,2007,76161.5600232116
CHE,Switzerland,gdp_pc,2008,77103.7188320632
CHE,Switzerland,gdp_pc,2009,74672.9512725807
CHE,Switzerland,gdp_pc,2010,76308.8064520802
CHE,Switzerland,gdp_pc,2011,76527.3361539945
CHE,Switzerland,gdp_pc,2012,76570.2378987121
CHE,Switzerland,gdp_pc,2013,77084.6656456739
CHE,Switzerland,gdp_pc,2014,78086.6805249841
CHE,Switzerland,gdp_pc,2015,78325.7487417695
CHE,Switzerland,gdp_pc,2016,78956.0667315042
CHE,Switzerland,gdp_pc,2017,79333.7437810881
CHE,Switzerland,gdp_pc,2018,81371.8944120855
CHE,Switzerland,gdp_pc,2019,81694.630652314
CHE,Switzerland,gdp_pc,2020,79270.8713687141
CHE,Switzerland,gdp_pc,2021,83524.9832880195
CHE,Switzerland,gdp_pc,2022,85762.2829174304
CHE,Switzerland,gdp_pc,2023,85383.3564504008
CHE,Switzerland,gdp_pc,2024,85448.0585577007
CHE,Switzerland,gdp_pc,2025,85732.1097535232
TUR,Türkiye,tfr,1960,6.383
TUR,Türkiye,tfr,1961,6.419
TUR,Türkiye,tfr,1962,6.382
TUR,Türkiye,tfr,1963,6.339
TUR,Türkiye,tfr,1964,6.291
TUR,Türkiye,tfr,1965,6.22
TUR,Türkiye,tfr,1966,6.152
TUR,Türkiye,tfr,1967,6.057
TUR,Türkiye,tfr,1968,5.962
TUR,Türkiye,tfr,1969,5.872
TUR,Türkiye,tfr,1970,5.775
TUR,Türkiye,tfr,1971,5.671
TUR,Türkiye,tfr,1972,5.548
TUR,Türkiye,tfr,1973,5.41
TUR,Türkiye,tfr,1974,5.243
TUR,Türkiye,tfr,1975,5.087
TUR,Türkiye,tfr,1976,4.931
TUR,Türkiye,tfr,1977,4.784
TUR,Türkiye,tfr,1978,4.691
TUR,Türkiye,tfr,1979,4.579
TUR,Türkiye,tfr,1980,4.453
TUR,Türkiye,tfr,1981,4.351
TUR,Türkiye,tfr,1982,4.205
TUR,Türkiye,tfr,1983,4.056
TUR,Türkiye,tfr,1984,3.911
TUR,Türkiye,tfr,1985,3.779
TUR,Türkiye,tfr,1986,3.658
TUR,Türkiye,tfr,1987,3.542
TUR,Türkiye,tfr,1988,3.445
TUR,Türkiye,tfr,1989,3.336
TUR,Türkiye,tfr,1990,3.107
TUR,Türkiye,tfr,1991,3.003
TUR,Türkiye,tfr,1992,2.939
TUR,Türkiye,tfr,1993,2.916
TUR,Türkiye,tfr,1994,2.874
TUR,Türkiye,tfr,1995,2.835
TUR,Türkiye,tfr,1996,2.779
TUR,Türkiye,tfr,1997,2.744
TUR,Türkiye,tfr,1998,2.707
TUR,Türkiye,tfr,1999,2.63
TUR,Türkiye,tfr,2000,2.487
TUR,Türkiye,tfr,2001,2.392
TUR,Türkiye,tfr,2002,2.268
TUR,Türkiye,tfr,2003,2.202
TUR,Türkiye,tfr,2004,2.197
TUR,Türkiye,tfr,2005,2.197
TUR,Türkiye,tfr,2006,2.193
TUR,Türkiye,tfr,2007,2.16
TUR,Türkiye,tfr,2008,2.15
TUR,Türkiye,tfr,2009,2.1
TUR,Türkiye,tfr,2010,2.08
TUR,Türkiye,tfr,2011,2.05
TUR,Türkiye,tfr,2012,2.11
TUR,Türkiye,tfr,2013,2.11
TUR,Türkiye,tfr,2014,2.19
TUR,Türkiye,tfr,2015,2.16
TUR,Türkiye,tfr,2016,2.11
TUR,Türkiye,tfr,2017,2.08
TUR,Türkiye,tfr,2018,2.0
TUR,Türkiye,tfr,2019,1.89
TUR,Türkiye,tfr,2020,1.77
TUR,Türkiye,tfr,2021,1.71
TUR,Türkiye,tfr,2022,1.63
TUR,Türkiye,tfr,2023,1.51
TUR,Türkiye,tfr,2024,1.48
TUR,Türkiye,lfp_ratio,1990,42.8492050462828
TUR,Türkiye,lfp_ratio,1991,42.5366317554463
TUR,Türkiye,lfp_ratio,1992,41.0805223617204
TUR,Türkiye,lfp_ratio,1993,34.3347805361951
TUR,Türkiye,lfp_ratio,1994,39.8541173459594
TUR,Türkiye,lfp_ratio,1995,39.7550082610492
TUR,Türkiye,lfp_ratio,1996,39.5242914979757
TUR,Türkiye,lfp_ratio,1997,37.5488696243413
TUR,Türkiye,lfp_ratio,1998,38.1229257584864
TUR,Türkiye,lfp_ratio,1999,39.5699436642069
TUR,Türkiye,lfp_ratio,2000,36.0406781504493
TUR,Türkiye,lfp_ratio,2001,37.2405070252138
TUR,Türkiye,lfp_ratio,2002,38.9798973182435
TUR,Türkiye,lfp_ratio,2003,37.7440316228014
TUR,Türkiye,lfp_ratio,2004,33.1903723678926
TUR,Türkiye,lfp_ratio,2005,33.0157551171992
TUR,Türkiye,lfp_ratio,2006,33.7599077676899
TUR,Türkiye,lfp_ratio,2007,33.8384057029886
TUR,Türkiye,lfp_ratio,2008,34.9031702768613
TUR,Türkiye,lfp_ratio,2009,36.8936746773158
TUR,Türkiye,lfp_ratio,2010,39.0165192914617
TUR,Türkiye,lfp_ratio,2011,40.1905750933229
TUR,Türkiye,lfp_ratio,2012,41.5084470205697
TUR,Türkiye,lfp_ratio,2013,43.024219024219
TUR,Türkiye,lfp_ratio,2014,42.4638639850248
TUR,Türkiye,lfp_ratio,2015,44.0098621539841
TUR,Türkiye,lfp_ratio,2016,45.0805407437315
TUR,Türkiye,lfp_ratio,2017,46.3508694330025
TUR,Türkiye,lfp_ratio,2018,47.0337639419299
TUR,Türkiye,lfp_ratio,2019,47.7336637246986
TUR,Türkiye,lfp_ratio,2020,45.3022599700238
TUR,Türkiye,lfp_ratio,2021,46.709898097342
TUR,Türkiye,lfp_ratio,2022,49.0984548947029
TUR,Türkiye,lfp_ratio,2023,50.2967400781931
TUR,Türkiye,lfp_ratio,2024,51.1819459324086
TUR,Türkiye,lfp_ratio,2025,51.6713731272692
TUR,Türkiye,tertiary_gpi,1971,0.248630002140999
TUR,Türkiye,tertiary_gpi,1972,0.257129997014999
TUR,Türkiye,tertiary_gpi,1973,0.261090010404587
TUR,Türkiye,tertiary_gpi,1974,0.277339994907379
TUR,Türkiye,tertiary_gpi,1975,0.235249996185303
TUR,Türkiye,tertiary_gpi,1976,0.212940007448196
TUR,Türkiye,tertiary_gpi,1977,0.248820006847382
TUR,Türkiye,tertiary_gpi,1978,0.292059987783432
TUR,Türkiye,tertiary_gpi,1979,0.326139986515045
TUR,Türkiye,tertiary_gpi,1980,0.335889995098114
TUR,Türkiye,tertiary_gpi,1982,0.379610002040863
TUR,Türkiye,tertiary_gpi,1983,0.467619985342026
TUR,Türkiye,tertiary_gpi,1984,0.548330008983612
TUR,Türkiye,tertiary_gpi,1985,0.493519991636276
TUR,Türkiye,tertiary_gpi,1986,0.51146000623703
TUR,Türkiye,tertiary_gpi,1987,0.534870028495789
TUR,Türkiye,tertiary_gpi,1988,0.53013002872467
TUR,Türkiye,tertiary_gpi,1989,0.534169971942902
TUR,Türkiye,tertiary_gpi,1990,0.53100997209549
TUR,Türkiye,tertiary_gpi,1991,0.531229972839355
TUR,Türkiye,tertiary_gpi,1992,0.540929973125458
TUR,Türkiye,tertiary_gpi,1993,0.552919983863831
TUR,Türkiye,tertiary_gpi,1994,0.620829999446869
TUR,Türkiye,tertiary_gpi,1995,0.644429981708527
TUR,Türkiye,tertiary_gpi,1997,0.560800015926361
TUR,Türkiye,tertiary_gpi,1998,0.675400018692017
TUR,Türkiye,tertiary_gpi,1999,0.678659975528717
TUR,Türkiye,tertiary_gpi,2001,0.711440026760101
TUR,Türkiye,tertiary_gpi,2002,0.728940010070801
TUR,Türkiye,tertiary_gpi,2003,0.756749987602234
TUR,Türkiye,tertiary_gpi,2004,0.732020020484924
TUR,Türkiye,tertiary_gpi,2005,0.748269975185394
TUR,Türkiye,tertiary_gpi,2006,0.765049993991852
TUR,Türkiye,tertiary_gpi,2007,0.773819983005524
TUR,Türkiye,tertiary_gpi,2008,0.790610015392303
TUR,Türkiye,tertiary_gpi,2009,0.806450009346008
TUR,Türkiye,tertiary_gpi,2010,0.836399972438812
TUR,Türkiye,tertiary_gpi,2011,0.863579988479614
TUR,Türkiye,tertiary_gpi,2012,0.869719982147217
TUR,Türkiye,tertiary_gpi,2013,0.873910009860992
TUR,Türkiye,tertiary_gpi,2014,0.88375997543335
TUR,Türkiye,tertiary_gpi,2015,0.889419972896576
TUR,Türkiye,tertiary_gpi,2016,0.889379978179932
TUR,Türkiye,tertiary_gpi,2017,0.895009994506836
TUR,Türkiye,tertiary_gpi,2018,0.910880029201508
TUR,Türkiye,tertiary_gpi,2019,0.951300024986267
TUR,Türkiye,tertiary_gpi,2020,0.982479989528656
TUR,Türkiye,tertiary_gpi,2021,1.01570999622345
TUR,Türkiye,tertiary_gpi,2022,1.03682005405426
TUR,Türkiye,tertiary_gpi,2023,1.07325994968414
TUR,Türkiye,gdp_pc,1990,12184.1995945303
TUR,Türkiye,gdp_pc,1991,12057.9354364382
TUR,Türkiye,gdp_pc,1992,12451.0451197948
TUR,Türkiye,gdp_pc,1993,13174.467116412
TUR,Türkiye,gdp_pc,1994,12343.0041848988
TUR,Türkiye,gdp_pc,1995,13099.2575267612
TUR,Türkiye,gdp_pc,1996,13826.9201097072
TUR,Türkiye,gdp_pc,1997,14631.2958814739
TUR,Türkiye,gdp_pc,1998,14704.3385744207
TUR,Türkiye,gdp_pc,1999,14066.1896257233
TUR,Türkiye,gdp_pc,2000,14856.914625257
TUR,Türkiye,gdp_pc,2001,13872.1287284566
TUR,Türkiye,gdp_pc,2002,14587.894621656
TUR,Türkiye,gdp_pc,2003,15255.7177960689
TUR,Türkiye,gdp_pc,2004,16583.8837094062
TUR,Türkiye,gdp_pc,2005,17902.5966004487
TUR,Türkiye,gdp_pc,2006,18972.0089563632
TUR,Türkiye,gdp_pc,2007,19909.083519675
TUR,Türkiye,gdp_pc,2008,19839.5845462269
TUR,Türkiye,gdp_pc,2009,18612.1925231905
TUR,Türkiye,gdp_pc,2010,19897.4464836887
TUR,Türkiye,gdp_pc,2011,21760.4291923634
TUR,Türkiye,gdp_pc,2012,22517.7148287875
TUR,Türkiye,gdp_pc,2013,24117.3121099839
TUR,Türkiye,gdp_pc,2014,24888.8521742576
TUR,Türkiye,gdp_pc,2015,25984.8027306177
TUR,Türkiye,gdp_pc,2016,26489.6436816046
TUR,Türkiye,gdp_pc,2017,28194.688309381
TUR,Türkiye,gdp_pc,2018,28780.3036458151
TUR,Türkiye,gdp_pc,2019,28741.0535082701
TUR,Türkiye,gdp_pc,2020,28976.7179161611
TUR,Türkiye,gdp_pc,2021,32105.5474400506
TUR,Türkiye,gdp_pc,2022,33520.8111384208
TUR,Türkiye,gdp_pc,2023,35069.1701714685
TUR,Türkiye,gdp_pc,2024,36154.490436557
TUR,Türkiye,gdp_pc,2025,37300.7485739354
GBR,United Kingdom,tfr,1960,2.69
GBR,United Kingdom,tfr,1961,2.78
GBR,United Kingdom,tfr,1962,2.86
GBR,United Kingdom,tfr,1963,2.88
GBR,United Kingdom,tfr,1964,2.93
GBR,United Kingdom,tfr,1965,2.86
GBR,United Kingdom,tfr,1966,2.78
GBR,United Kingdom,tfr,1967,2.68
GBR,United Kingdom,tfr,1968,2.6
GBR,United Kingdom,tfr,1969,2.51
GBR,United Kingdom,tfr,1970,2.44
GBR,United Kingdom,tfr,1971,2.41
GBR,United Kingdom,tfr,1972,2.2
GBR,United Kingdom,tfr,1973,2.04
GBR,United Kingdom,tfr,1974,1.92
GBR,United Kingdom,tfr,1975,1.81
GBR,United Kingdom,tfr,1976,1.74
GBR,United Kingdom,tfr,1977,1.69
GBR,United Kingdom,tfr,1978,1.75
GBR,United Kingdom,tfr,1979,1.86
GBR,United Kingdom,tfr,1980,1.9
GBR,United Kingdom,tfr,1981,1.82
GBR,United Kingdom,tfr,1982,1.78
GBR,United Kingdom,tfr,1983,1.77
GBR,United Kingdom,tfr,1984,1.77
GBR,United Kingdom,tfr,1985,1.79
GBR,United Kingdom,tfr,1986,1.78
GBR,United Kingdom,tfr,1987,1.81
GBR,United Kingdom,tfr,1988,1.82
GBR,United Kingdom,tfr,1989,1.79
GBR,United Kingdom,tfr,1990,1.83
GBR,United Kingdom,tfr,1991,1.82
GBR,United Kingdom,tfr,1992,1.79
GBR,United Kingdom,tfr,1993,1.76
GBR,United Kingdom,tfr,1994,1.74
GBR,United Kingdom,tfr,1995,1.71
GBR,United Kingdom,tfr,1996,1.73
GBR,United Kingdom,tfr,1997,1.72
GBR,United Kingdom,tfr,1998,1.71
GBR,United Kingdom,tfr,1999,1.68
GBR,United Kingdom,tfr,2000,1.64
GBR,United Kingdom,tfr,2001,1.63
GBR,United Kingdom,tfr,2002,1.63
GBR,United Kingdom,tfr,2003,1.7
GBR,United Kingdom,tfr,2004,1.75
GBR,United Kingdom,tfr,2005,1.76
GBR,United Kingdom,tfr,2006,1.82
GBR,United Kingdom,tfr,2007,1.86
GBR,United Kingdom,tfr,2008,1.91
GBR,United Kingdom,tfr,2009,1.89
GBR,United Kingdom,tfr,2010,1.92
GBR,United Kingdom,tfr,2011,1.91
GBR,United Kingdom,tfr,2012,1.92
GBR,United Kingdom,tfr,2013,1.83
GBR,United Kingdom,tfr,2014,1.81
GBR,United Kingdom,tfr,2015,1.8
GBR,United Kingdom,tfr,2016,1.79
GBR,United Kingdom,tfr,2017,1.74
GBR,United Kingdom,tfr,2018,1.68
GBR,United Kingdom,tfr,2019,1.632
GBR,United Kingdom,tfr,2020,1.571
GBR,United Kingdom,tfr,2021,1.583
GBR,United Kingdom,tfr,2022,1.56
GBR,United Kingdom,tfr,2023,1.56
GBR,United Kingdom,tfr,2024,1.551
GBR,United Kingdom,lfp_ratio,1990,70.4560234108275
GBR,United Kingdom,lfp_ratio,1991,70.8667659964187
GBR,United Kingdom,lfp_ratio,1992,71.7590861889927
GBR,United Kingdom,lfp_ratio,1993,73.0435761738543
GBR,United Kingdom,lfp_ratio,1994,73.4986335122276
GBR,United Kingdom,lfp_ratio,1995,73.8304717975001
GBR,United Kingdom,lfp_ratio,1996,74.756892804027
GBR,United Kingdom,lfp_ratio,1997,75.4421895363992
GBR,United Kingdom,lfp_ratio,1998,75.7820136852395
GBR,United Kingdom,lfp_ratio,1999,76.4782746044054
GBR,United Kingdom,lfp_ratio,2000,76.9804607924712
GBR,United Kingdom,lfp_ratio,2001,77.5278783490224
GBR,United Kingdom,lfp_ratio,2002,78.5134272954005
GBR,United Kingdom,lfp_ratio,2003,78.1634598717282
GBR,United Kingdom,lfp_ratio,2004,79.1920189361486
GBR,United Kingdom,lfp_ratio,2005,79.5015215186205
GBR,United Kingdom,lfp_ratio,2006,79.8655879086806
GBR,United Kingdom,lfp_ratio,2007,79.6343629510896
GBR,United Kingdom,lfp_ratio,2008,79.8850326317154
GBR,United Kingdom,lfp_ratio,2009,80.7775001452728
GBR,United Kingdom,lfp_ratio,2010,81.0618668068086
GBR,United Kingdom,lfp_ratio,2011,81.521182035174
GBR,United Kingdom,lfp_ratio,2012,81.7185605119738
GBR,United Kingdom,lfp_ratio,2013,82.5800390470179
GBR,United Kingdom,lfp_ratio,2014,83.0165677692262
GBR,United Kingdom,lfp_ratio,2015,83.2885482284187
GBR,United Kingdom,lfp_ratio,2016,83.8793116117749
GBR,United Kingdom,lfp_ratio,2017,84.4298665880445
GBR,United Kingdom,lfp_ratio,2018,84.6080305927342
GBR,United Kingdom,lfp_ratio,2019,86.0355485716827
GBR,United Kingdom,lfp_ratio,2020,86.8600301074628
GBR,United Kingdom,lfp_ratio,2021,87.7402573835196
GBR,United Kingdom,lfp_ratio,2022,87.0108720237647
GBR,United Kingdom,lfp_ratio,2023,86.3376467047848
GBR,United Kingdom,lfp_ratio,2024,87.3440799769064
GBR,United Kingdom,lfp_ratio,2025,87.4031953167876
GBR,United Kingdom,tertiary_gpi,2000,1.15569996833801
GBR,United Kingdom,tertiary_gpi,2001,1.1781200170517
GBR,United Kingdom,tertiary_gpi,2002,1.20385003089905
GBR,United Kingdom,tertiary_gpi,2003,1.22836005687714
GBR,United Kingdom,tertiary_gpi,2004,1.26684999465942
GBR,United Kingdom,tertiary_gpi,2005,1.26962995529175
GBR,United Kingdom,tertiary_gpi,2006,1.26838004589081
GBR,United Kingdom,tertiary_gpi,2007,1.2644499540329
GBR,United Kingdom,tertiary_gpi,2008,1.26219999790192
GBR,United Kingdom,tertiary_gpi,2009,1.25292003154755
GBR,United Kingdom,tertiary_gpi,2010,1.24595999717712
GBR,United Kingdom,tertiary_gpi,2011,1.24766004085541
GBR,United Kingdom,tertiary_gpi,2012,1.24775004386902
GBR,United Kingdom,tertiary_gpi,2013,1.24029004573822
GBR,United Kingdom,tertiary_gpi,2014,1.23624002933502
GBR,United Kingdom,tertiary_gpi,2015,1.24375998973846
GBR,United Kingdom,tertiary_gpi,2016,1.25164997577667
GBR,United Kingdom,tertiary_gpi,2017,1.25876998901367
GBR,United Kingdom,tertiary_gpi,2018,1.26075994968414
GBR,United Kingdom,tertiary_gpi,2019,1.25967001914978
GBR,United Kingdom,tertiary_gpi,2020,1.251659989357
GBR,United Kingdom,tertiary_gpi,2021,1.25987005233765
GBR,United Kingdom,tertiary_gpi,2022,1.26917004585266
GBR,United Kingdom,tertiary_gpi,2023,1.27330994606018
GBR,United Kingdom,gdp_pc,1990,33530.9578151546
GBR,United Kingdom,gdp_pc,1991,32995.3948749055
GBR,United Kingdom,gdp_pc,1992,33332.3326389023
GBR,United Kingdom,gdp_pc,1993,34413.1904916462
GBR,United Kingdom,gdp_pc,1994,36025.9830963677
GBR,United Kingdom,gdp_pc,1995,37200.3789969484
GBR,United Kingdom,gdp_pc,1996,38076.0624470563
GBR,United Kingdom,gdp_pc,1997,39831.4492555823
GBR,United Kingdom,gdp_pc,1998,41004.8386335287
GBR,United Kingdom,gdp_pc,1999,42071.7055369651
GBR,United Kingdom,gdp_pc,2000,43818.3463079443
GBR,United Kingdom,gdp_pc,2001,44693.6612621755
GBR,United Kingdom,gdp_pc,2002,45265.4565169944
GBR,United Kingdom,gdp_pc,2003,46505.2798806788
GBR,United Kingdom,gdp_pc,2004,47317.027070979
GBR,United Kingdom,gdp_pc,2005,48304.6753205932
GBR,United Kingdom,gdp_pc,2006,49000.9535382241
GBR,United Kingdom,gdp_pc,2007,50045.9163092519
GBR,United Kingdom,gdp_pc,2008,49629.0498697349
GBR,United Kingdom,gdp_pc,2009,46995.5449961945
GBR,United Kingdom,gdp_pc,2010,47682.6525150443
GBR,United Kingdom,gdp_pc,2011,47714.2894262827
GBR,United Kingdom,gdp_pc,2012,48099.6594401942
GBR,United Kingdom,gdp_pc,2013,48600.5100807266
GBR,United Kingdom,gdp_pc,2014,49763.17387988
GBR,United Kingdom,gdp_pc,2015,50462.8329992477
GBR,United Kingdom,gdp_pc,2016,51168.2925796814
GBR,United Kingdom,gdp_pc,2017,52429.1275538988
GBR,United Kingdom,gdp_pc,2018,52983.039541197
GBR,United Kingdom,gdp_pc,2019,53374.0927628482
GBR,United Kingdom,gdp_pc,2020,47930.5490378931
GBR,United Kingdom,gdp_pc,2021,51840.4424245515
GBR,United Kingdom,gdp_pc,2022,53979.7679116234
GBR,United Kingdom,gdp_pc,2023,53423.4226338292
GBR,United Kingdom,gdp_pc,2024,53412.0647163589
GBR,United Kingdom,gdp_pc,2025,53993.1172607885
USA,United States,tfr,1960,3.654
USA,United States,tfr,1961,3.62
USA,United States,tfr,1962,3.461
USA,United States,tfr,1963,3.319
USA,United States,tfr,1964,3.19
USA,United States,tfr,1965,2.913
USA,United States,tfr,1966,2.721
USA,United States,tfr,1967,2.558
USA,United States,tfr,1968,2.464
USA,United States,tfr,1969,2.456
USA,United States,tfr,1970,2.48
USA,United States,tfr,1971,2.266
USA,United States,tfr,1972,2.01
USA,United States,tfr,1973,1.879
USA,United States,tfr,1974,1.835
USA,United States,tfr,1975,1.774
USA,United States,tfr,1976,1.738
USA,United States,tfr,1977,1.79
USA,United States,tfr,1978,1.76
USA,United States,tfr,1979,1.808
USA,United States,tfr,1980,1.8395
USA,United States,tfr,1981,1.812
USA,United States,tfr,1982,1.8275
USA,United States,tfr,1983,1.799
USA,United States,tfr,1984,1.8065
USA,United States,tfr,1985,1.844
USA,United States,tfr,1986,1.8375
USA,United States,tfr,1987,1.872
USA,United States,tfr,1988,1.934
USA,United States,tfr,1989,2.014
USA,United States,tfr,1990,2.081
USA,United States,tfr,1991,2.0625
USA,United States,tfr,1992,2.046
USA,United States,tfr,1993,2.0195
USA,United States,tfr,1994,2.0015
USA,United States,tfr,1995,1.978
USA,United States,tfr,1996,1.976
USA,United States,tfr,1997,1.971
USA,United States,tfr,1998,1.999
USA,United States,tfr,1999,2.0075
USA,United States,tfr,2000,2.056
USA,United States,tfr,2001,2.0305
USA,United States,tfr,2002,2.0205
USA,United States,tfr,2003,2.0475
USA,United States,tfr,2004,2.0515
USA,United States,tfr,2005,2.057
USA,United States,tfr,2006,2.108
USA,United States,tfr,2007,2.12
USA,United States,tfr,2008,2.072
USA,United States,tfr,2009,2.002
USA,United States,tfr,2010,1.931
USA,United States,tfr,2011,1.8945
USA,United States,tfr,2012,1.8805
USA,United States,tfr,2013,1.8575
USA,United States,tfr,2014,1.8625
USA,United States,tfr,2015,1.8435
USA,United States,tfr,2016,1.8205
USA,United States,tfr,2017,1.7655
USA,United States,tfr,2018,1.7295
USA,United States,tfr,2019,1.706
USA,United States,tfr,2020,1.6415
USA,United States,tfr,2021,1.664
USA,United States,tfr,2022,1.6565
USA,United States,tfr,2023,1.6165
USA,United States,tfr,2024,1.6265
USA,United States,lfp_ratio,1990,74.5199281389314
USA,United States,lfp_ratio,1991,74.8610013263488
USA,United States,lfp_ratio,1992,75.373863682005
USA,United States,lfp_ratio,1993,75.8920882669537
USA,United States,lfp_ratio,1994,77.4869605167149
USA,United States,lfp_ratio,1995,77.7969949194682
USA,United States,lfp_ratio,1996,78.1394343750844
USA,United States,lfp_ratio,1997,78.8262448202789
USA,United States,lfp_ratio,1998,78.9779106415789
USA,United States,lfp_ratio,1999,79.3083831118696
USA,United States,lfp_ratio,2000,79.4610697359513
USA,United States,lfp_ratio,2001,79.7071642604195
USA,United States,lfp_ratio,2002,79.9066060473269
USA,United States,lfp_ratio,2003,80.4165573249727
USA,United States,lfp_ratio,2004,80.2137408807121
USA,United States,lfp_ratio,2005,80.3588735358458
USA,United States,lfp_ratio,2006,80.390612041798
USA,United States,lfp_ratio,2007,80.6156579184767
USA,United States,lfp_ratio,2008,81.1721948366614
USA,United States,lfp_ratio,2009,81.9902268169364
USA,United States,lfp_ratio,2010,82.0894883322629
USA,United States,lfp_ratio,2011,81.9254595892085
USA,United States,lfp_ratio,2012,81.6573663924524
USA,United States,lfp_ratio,2013,81.4703459042223
USA,United States,lfp_ratio,2014,81.7363353404893
USA,United States,lfp_ratio,2015,81.4971298697514
USA,United States,lfp_ratio,2016,81.5405413262785
USA,United States,lfp_ratio,2017,82.0708724441534
USA,United States,lfp_ratio,2018,82.1814742050498
USA,United States,lfp_ratio,2019,82.631754842272
USA,United States,lfp_ratio,2020,82.6517894237047
USA,United States,lfp_ratio,2021,82.5902997372289
USA,United States,lfp_ratio,2022,82.9444855662472
USA,United States,lfp_ratio,2023,83.7890249137714
USA,United States,lfp_ratio,2024,83.9769572253649
USA,United States,lfp_ratio,2025,84.0212949983596
USA,United States,tertiary_gpi,1971,0.689339995384216
USA,United States,tertiary_gpi,1972,0.708589971065521
USA,United States,tertiary_gpi,1973,0.755710005760193
USA,United States,tertiary_gpi,1974,0.78149002790451
USA,United States,tertiary_gpi,1975,0.812110006809235
USA,United States,tertiary_gpi,1976,0.816340029239655
USA,United States,tertiary_gpi,1977,0.895340025424957
USA,United States,tertiary_gpi,1978,0.953949987888336
USA,United States,tertiary_gpi,1979,1.00853002071381
USA,United States,tertiary_gpi,1980,1.0535900592804
USA,United States,tertiary_gpi,1981,1.07739996910095
USA,United States,tertiary_gpi,1982,1.09268999099731
USA,United States,tertiary_gpi,1983,1.08649003505707
USA,United States,tertiary_gpi,1984,1.09808003902435
USA,United States,tertiary_gpi,1985,1.11676001548767
USA,United States,tertiary_gpi,1986,1.1341700553894
USA,United States,tertiary_gpi,1987,1.15255999565124
USA,United States,tertiary_gpi,1988,1.17604994773865
USA,United States,tertiary_gpi,1989,1.19515001773834
USA,United States,tertiary_gpi,1990,1.2056200504303
USA,United States,tertiary_gpi,1991,1.21580004692078
USA,United States,tertiary_gpi,1993,1.23374998569489
USA,United States,tertiary_gpi,1994,1.23813998699188
USA,United States,tertiary_gpi,1995,1.24895000457764
USA,United States,tertiary_gpi,1996,1.25458002090454
USA,United States,tertiary_gpi,1998,1.25892996788025
USA,United States,tertiary_gpi,1999,1.25940001010895
USA,United States,tertiary_gpi,2005,1.29685997962952
USA,United States,tertiary_gpi,2013,1.27189004421234
USA,United States,tertiary_gpi,2014,1.26513004302978
USA,United States,tertiary_gpi,2015,1.26267004013062
USA,United States,tertiary_gpi,2016,1.25643002986908
USA,United States,tertiary_gpi,2017,1.26481997966766
USA,United States,tertiary_gpi,2018,1.26827001571655
USA,United States,tertiary_gpi,2019,1.27759003639221
USA,United States,tertiary_gpi,2020,1.29252004623413
USA,United States,tertiary_gpi,2021,1.32444000244141
USA,United States,tertiary_gpi,2022,1.31957995891571
USA,United States,gdp_pc,1990,44384.2101912606
USA,United States,gdp_pc,1991,43747.6307351749
USA,United States,gdp_pc,1992,44664.873585596
USA,United States,gdp_pc,1993,45292.7380683092
USA,United States,gdp_pc,1994,46543.3199204553
USA,United States,gdp_pc,1995,47227.0083257008
USA,United States,gdp_pc,1996,48441.9061125568
USA,United States,gdp_pc,1997,49990.6740739125
USA,United States,gdp_pc,1998,51626.4838297863
USA,United States,gdp_pc,1999,53480.8969962416
USA,United States,gdp_pc,2000,55045.6745311559
USA,United States,gdp_pc,2001,55024.3542766281
USA,United States,gdp_pc,2002,55443.2199435683
USA,United States,gdp_pc,2003,56505.4468784112
USA,United States,gdp_pc,2004,58139.0820195229
USA,United States,gdp_pc,2005,59612.3907215559
USA,United States,gdp_pc,2006,60684.3399832539
USA,United States,gdp_pc,2007,61314.4520816367
USA,United States,gdp_pc,2008,60806.2238713713
USA,United States,gdp_pc,2009,58722.496767251
USA,United States,gdp_pc,2010,59797.0736545937
USA,United States,gdp_pc,2011,60253.2035796719
USA,United States,gdp_pc,2012,61142.3637034265
USA,United States,gdp_pc,2013,61966.6621370894
USA,United States,gdp_pc,2014,63026.8779187814
USA,United States,gdp_pc,2015,64367.7188912582
USA,United States,gdp_pc,2016,65025.9855980616
USA,United States,gdp_pc,2017,66164.0320014289
USA,United States,gdp_pc,2018,67728.4424921024
USA,United States,gdp_pc,2019,69121.4580016741
USA,United States,gdp_pc,2020,67406.8311325507
USA,United States,gdp_pc,2021,71441.231980595
USA,United States,gdp_pc,2022,72828.7430907189
USA,United States,gdp_pc,2023,74351.6718197429
USA,United States,gdp_pc,2024,75698.1773354629
USA,United States,gdp_pc,2025,76931.3106990408
